"store_name","name","sku","barcode","category","unit","notes","quantity","reorder_level","critical_level","current_price"
"Demo Store","Demo Item 0001","DEMO-0001","200000000001","grocery","ea","Reference history: stock in 21; stock out 10","11","11","5","1.87"
"Demo Store","Demo Item 0002","DEMO-0002","200000000002","beverages","pc","Reference history: stock in 22; stock out 17","5","12","6","2.24"
"Demo Store","Demo Item 0003","DEMO-0003","200000000003","food_beverage","kg","Reference history: stock in 23; stock out 9","14","13","6","2.61"
"Demo Store","Demo Item 0004","DEMO-0004","200000000004","health_beauty","g","Reference history: stock in 24; stock out 16","8","14","7","2.98"
"Demo Store","Demo Item 0005","DEMO-0005","200000000005","household","lb","Reference history: stock in 25; stock out 8","17","15","7","3.35"
"Demo Store","Demo Item 0006","DEMO-0006","200000000006","apparel","oz","Reference history: stock in 26; stock out 15","11","16","8","3.72"
"Demo Store","Demo Item 0007","DEMO-0007","200000000007","accessories","L","Reference history: stock in 27; stock out 7","20","17","8","4.09"
"Demo Store","Demo Item 0008","DEMO-0008","200000000008","electronics","mL","Reference history: stock in 28; stock out 14","14","18","9","4.46"
"Demo Store","Demo Item 0009","DEMO-0009","200000000009","hardware","box","Reference history: stock in 29; stock out 6","23","19","9","4.83"
"Demo Store","Demo Item 0010","DEMO-0010","200000000010","other","pack","Reference history: stock in 30; stock out 13","17","20","10","5.20"
"Demo Store","Demo Item 0011","DEMO-0011","200000000011","grocery","case","Reference history: stock in 31; stock out 5","26","21","10","5.57"
"Demo Store","Demo Item 0012","DEMO-0012","200000000012","beverages","bottle","Reference history: stock in 32; stock out 12","20","22","11","5.94"
"Demo Store","Demo Item 0013","DEMO-0013","200000000013","food_beverage","can","Reference history: stock in 33; stock out 4","29","23","11","6.31"
"Demo Store","Demo Item 0014","DEMO-0014","200000000014","health_beauty","bag","Reference history: stock in 34; stock out 11","23","24","12","6.68"
"Demo Store","Demo Item 0015","DEMO-0015","200000000015","household","roll","Reference history: stock in 35; stock out 3","32","25","12","7.05"
"Demo Store","Demo Item 0016","DEMO-0016","200000000016","apparel","pair","Reference history: stock in 36; stock out 10","26","26","13","7.42"
"Demo Store","Demo Item 0017","DEMO-0017","200000000017","accessories","dozen","Reference history: stock in 37; stock out 17","20","27","13","7.79"
"Demo Store","Demo Item 0018","DEMO-0018","200000000018","electronics","ea","Reference history: stock in 38; stock out 9","29","28","14","8.16"
"Demo Store","Demo Item 0019","DEMO-0019","200000000019","hardware","pc","Reference history: stock in 39; stock out 16","23","29","14","8.53"
"Demo Store","Demo Item 0020","DEMO-0020","200000000020","other","kg","Reference history: stock in 40; stock out 8","32","10","5","8.90"
"Demo Store","Demo Item 0021","DEMO-0021","200000000021","grocery","g","Reference history: stock in 41; stock out 15","26","11","5","9.27"
"Demo Store","Demo Item 0022","DEMO-0022","200000000022","beverages","lb","Reference history: stock in 42; stock out 7","35","12","6","9.64"
"Demo Store","Demo Item 0023","DEMO-0023","200000000023","food_beverage","oz","Reference history: stock in 43; stock out 14","29","13","6","10.01"
"Demo Store","Demo Item 0024","DEMO-0024","200000000024","health_beauty","L","Reference history: stock in 44; stock out 6","38","14","7","10.38"
"Demo Store","Demo Item 0025","DEMO-0025","200000000025","household","mL","Reference history: stock in 45; stock out 13","32","15","7","10.75"
"Demo Store","Demo Item 0026","DEMO-0026","200000000026","apparel","box","Reference history: stock in 46; stock out 5","41","16","8","11.12"
"Demo Store","Demo Item 0027","DEMO-0027","200000000027","accessories","pack","Reference history: stock in 47; stock out 12","35","17","8","11.49"
"Demo Store","Demo Item 0028","DEMO-0028","200000000028","electronics","case","Reference history: stock in 48; stock out 4","44","18","9","11.86"
"Demo Store","Demo Item 0029","DEMO-0029","200000000029","hardware","bottle","Reference history: stock in 49; stock out 11","38","19","9","12.23"
"Demo Store","Demo Item 0030","DEMO-0030","200000000030","other","can","Reference history: stock in 50; stock out 3","47","20","10","12.60"
"Demo Store","Demo Item 0031","DEMO-0031","200000000031","grocery","bag","Reference history: stock in 51; stock out 10","41","21","10","12.97"
"Demo Store","Demo Item 0032","DEMO-0032","200000000032","beverages","roll","Reference history: stock in 52; stock out 17","35","22","11","13.34"
"Demo Store","Demo Item 0033","DEMO-0033","200000000033","food_beverage","pair","Reference history: stock in 53; stock out 9","44","23","11","13.71"
"Demo Store","Demo Item 0034","DEMO-0034","200000000034","health_beauty","dozen","Reference history: stock in 54; stock out 16","38","24","12","14.08"
"Demo Store","Demo Item 0035","DEMO-0035","200000000035","household","ea","Reference history: stock in 55; stock out 8","47","25","12","14.45"
"Demo Store","Demo Item 0036","DEMO-0036","200000000036","apparel","pc","Reference history: stock in 56; stock out 15","41","26","13","14.82"
"Demo Store","Demo Item 0037","DEMO-0037","200000000037","accessories","kg","Reference history: stock in 57; stock out 7","50","27","13","15.19"
"Demo Store","Demo Item 0038","DEMO-0038","200000000038","electronics","g","Reference history: stock in 58; stock out 14","44","28","14","15.56"
"Demo Store","Demo Item 0039","DEMO-0039","200000000039","hardware","lb","Reference history: stock in 59; stock out 6","53","29","14","15.93"
"Demo Store","Demo Item 0040","DEMO-0040","200000000040","other","oz","Reference history: stock in 60; stock out 13","47","10","5","16.30"
"Demo Store","Demo Item 0041","DEMO-0041","200000000041","grocery","L","Reference history: stock in 61; stock out 5","56","11","5","16.67"
"Demo Store","Demo Item 0042","DEMO-0042","200000000042","beverages","mL","Reference history: stock in 62; stock out 12","50","12","6","17.04"
"Demo Store","Demo Item 0043","DEMO-0043","200000000043","food_beverage","box","Reference history: stock in 63; stock out 4","59","13","6","17.41"
"Demo Store","Demo Item 0044","DEMO-0044","200000000044","health_beauty","pack","Reference history: stock in 64; stock out 11","53","14","7","17.78"
"Demo Store","Demo Item 0045","DEMO-0045","200000000045","household","case","Reference history: stock in 65; stock out 3","62","15","7","18.15"
"Demo Store","Demo Item 0046","DEMO-0046","200000000046","apparel","bottle","Reference history: stock in 66; stock out 10","56","16","8","18.52"
"Demo Store","Demo Item 0047","DEMO-0047","200000000047","accessories","can","Reference history: stock in 67; stock out 17","50","17","8","18.89"
"Demo Store","Demo Item 0048","DEMO-0048","200000000048","electronics","bag","Reference history: stock in 68; stock out 9","59","18","9","19.26"
"Demo Store","Demo Item 0049","DEMO-0049","200000000049","hardware","roll","Reference history: stock in 69; stock out 16","53","19","9","19.63"
"Demo Store","Demo Item 0050","DEMO-0050","200000000050","other","pair","Reference history: stock in 70; stock out 8","62","20","10","20.00"
"Demo Store","Demo Item 0051","DEMO-0051","200000000051","grocery","dozen","Reference history: stock in 71; stock out 15","56","21","10","20.37"
"Demo Store","Demo Item 0052","DEMO-0052","200000000052","beverages","ea","Reference history: stock in 72; stock out 7","65","22","11","20.74"
"Demo Store","Demo Item 0053","DEMO-0053","200000000053","food_beverage","pc","Reference history: stock in 73; stock out 14","59","23","11","21.11"
"Demo Store","Demo Item 0054","DEMO-0054","200000000054","health_beauty","kg","Reference history: stock in 74; stock out 6","68","24","12","21.48"
"Demo Store","Demo Item 0055","DEMO-0055","200000000055","household","g","Reference history: stock in 75; stock out 13","62","25","12","21.85"
"Demo Store","Demo Item 0056","DEMO-0056","200000000056","apparel","lb","Reference history: stock in 76; stock out 5","71","26","13","22.22"
"Demo Store","Demo Item 0057","DEMO-0057","200000000057","accessories","oz","Reference history: stock in 77; stock out 12","65","27","13","22.59"
"Demo Store","Demo Item 0058","DEMO-0058","200000000058","electronics","L","Reference history: stock in 78; stock out 4","74","28","14","22.96"
"Demo Store","Demo Item 0059","DEMO-0059","200000000059","hardware","mL","Reference history: stock in 79; stock out 11","68","29","14","23.33"
"Demo Store","Demo Item 0060","DEMO-0060","200000000060","other","box","Reference history: stock in 80; stock out 3","77","10","5","23.70"
"Demo Store","Demo Item 0061","DEMO-0061","200000000061","grocery","pack","Reference history: stock in 81; stock out 10","71","11","5","24.07"
"Demo Store","Demo Item 0062","DEMO-0062","200000000062","beverages","case","Reference history: stock in 82; stock out 17","65","12","6","24.44"
"Demo Store","Demo Item 0063","DEMO-0063","200000000063","food_beverage","bottle","Reference history: stock in 83; stock out 9","74","13","6","24.81"
"Demo Store","Demo Item 0064","DEMO-0064","200000000064","health_beauty","can","Reference history: stock in 84; stock out 16","68","14","7","25.18"
"Demo Store","Demo Item 0065","DEMO-0065","200000000065","household","bag","Reference history: stock in 85; stock out 8","77","15","7","25.55"
"Demo Store","Demo Item 0066","DEMO-0066","200000000066","apparel","roll","Reference history: stock in 86; stock out 15","71","16","8","25.92"
"Demo Store","Demo Item 0067","DEMO-0067","200000000067","accessories","pair","Reference history: stock in 87; stock out 7","80","17","8","26.29"
"Demo Store","Demo Item 0068","DEMO-0068","200000000068","electronics","dozen","Reference history: stock in 88; stock out 14","74","18","9","26.66"
"Demo Store","Demo Item 0069","DEMO-0069","200000000069","hardware","ea","Reference history: stock in 89; stock out 6","83","19","9","27.03"
"Demo Store","Demo Item 0070","DEMO-0070","200000000070","other","pc","Reference history: stock in 90; stock out 13","77","20","10","27.40"
"Demo Store","Demo Item 0071","DEMO-0071","200000000071","grocery","kg","Reference history: stock in 91; stock out 5","86","21","10","27.77"
"Demo Store","Demo Item 0072","DEMO-0072","200000000072","beverages","g","Reference history: stock in 92; stock out 12","80","22","11","28.14"
"Demo Store","Demo Item 0073","DEMO-0073","200000000073","food_beverage","lb","Reference history: stock in 93; stock out 4","89","23","11","28.51"
"Demo Store","Demo Item 0074","DEMO-0074","200000000074","health_beauty","oz","Reference history: stock in 94; stock out 11","83","24","12","28.88"
"Demo Store","Demo Item 0075","DEMO-0075","200000000075","household","L","Reference history: stock in 95; stock out 3","92","25","12","29.25"
"Demo Store","Demo Item 0076","DEMO-0076","200000000076","apparel","mL","Reference history: stock in 96; stock out 10","86","26","13","29.62"
"Demo Store","Demo Item 0077","DEMO-0077","200000000077","accessories","box","Reference history: stock in 97; stock out 17","80","27","13","29.99"
"Demo Store","Demo Item 0078","DEMO-0078","200000000078","electronics","pack","Reference history: stock in 98; stock out 9","89","28","14","30.36"
"Demo Store","Demo Item 0079","DEMO-0079","200000000079","hardware","case","Reference history: stock in 99; stock out 16","83","29","14","30.73"
"Demo Store","Demo Item 0080","DEMO-0080","200000000080","other","bottle","Reference history: stock in 20; stock out 8","12","10","5","31.10"
"Demo Store","Demo Item 0081","DEMO-0081","200000000081","grocery","can","Reference history: stock in 21; stock out 15","6","11","5","31.47"
"Demo Store","Demo Item 0082","DEMO-0082","200000000082","beverages","bag","Reference history: stock in 22; stock out 7","15","12","6","31.84"
"Demo Store","Demo Item 0083","DEMO-0083","200000000083","food_beverage","roll","Reference history: stock in 23; stock out 14","9","13","6","32.21"
"Demo Store","Demo Item 0084","DEMO-0084","200000000084","health_beauty","pair","Reference history: stock in 24; stock out 6","18","14","7","32.58"
"Demo Store","Demo Item 0085","DEMO-0085","200000000085","household","dozen","Reference history: stock in 25; stock out 13","12","15","7","32.95"
"Demo Store","Demo Item 0086","DEMO-0086","200000000086","apparel","ea","Reference history: stock in 26; stock out 5","21","16","8","33.32"
"Demo Store","Demo Item 0087","DEMO-0087","200000000087","accessories","pc","Reference history: stock in 27; stock out 12","15","17","8","33.69"
"Demo Store","Demo Item 0088","DEMO-0088","200000000088","electronics","kg","Reference history: stock in 28; stock out 4","24","18","9","34.06"
"Demo Store","Demo Item 0089","DEMO-0089","200000000089","hardware","g","Reference history: stock in 29; stock out 11","18","19","9","34.43"
"Demo Store","Demo Item 0090","DEMO-0090","200000000090","other","lb","Reference history: stock in 30; stock out 3","27","20","10","34.80"
"Demo Store","Demo Item 0091","DEMO-0091","200000000091","grocery","oz","Reference history: stock in 31; stock out 10","21","21","10","35.17"
"Demo Store","Demo Item 0092","DEMO-0092","200000000092","beverages","L","Reference history: stock in 32; stock out 17","15","22","11","35.54"
"Demo Store","Demo Item 0093","DEMO-0093","200000000093","food_beverage","mL","Reference history: stock in 33; stock out 9","24","23","11","35.91"
"Demo Store","Demo Item 0094","DEMO-0094","200000000094","health_beauty","box","Reference history: stock in 34; stock out 16","18","24","12","36.28"
"Demo Store","Demo Item 0095","DEMO-0095","200000000095","household","pack","Reference history: stock in 35; stock out 8","27","25","12","36.65"
"Demo Store","Demo Item 0096","DEMO-0096","200000000096","apparel","case","Reference history: stock in 36; stock out 15","21","26","13","37.02"
"Demo Store","Demo Item 0097","DEMO-0097","200000000097","accessories","bottle","Reference history: stock in 37; stock out 7","30","27","13","37.39"
"Demo Store","Demo Item 0098","DEMO-0098","200000000098","electronics","can","Reference history: stock in 38; stock out 14","24","28","14","37.76"
"Demo Store","Demo Item 0099","DEMO-0099","200000000099","hardware","bag","Reference history: stock in 39; stock out 6","33","29","14","38.13"
"Demo Store","Demo Item 0100","DEMO-0100","200000000100","other","roll","Reference history: stock in 40; stock out 13","27","10","5","38.50"
"Demo Store","Demo Item 0101","DEMO-0101","200000000101","grocery","pair","Reference history: stock in 41; stock out 5","36","11","5","38.87"
"Demo Store","Demo Item 0102","DEMO-0102","200000000102","beverages","dozen","Reference history: stock in 42; stock out 12","30","12","6","39.24"
"Demo Store","Demo Item 0103","DEMO-0103","200000000103","food_beverage","ea","Reference history: stock in 43; stock out 4","39","13","6","39.61"
"Demo Store","Demo Item 0104","DEMO-0104","200000000104","health_beauty","pc","Reference history: stock in 44; stock out 11","33","14","7","39.98"
"Demo Store","Demo Item 0105","DEMO-0105","200000000105","household","kg","Reference history: stock in 45; stock out 3","42","15","7","40.35"
"Demo Store","Demo Item 0106","DEMO-0106","200000000106","apparel","g","Reference history: stock in 46; stock out 10","36","16","8","40.72"
"Demo Store","Demo Item 0107","DEMO-0107","200000000107","accessories","lb","Reference history: stock in 47; stock out 17","30","17","8","41.09"
"Demo Store","Demo Item 0108","DEMO-0108","200000000108","electronics","oz","Reference history: stock in 48; stock out 9","39","18","9","41.46"
"Demo Store","Demo Item 0109","DEMO-0109","200000000109","hardware","L","Reference history: stock in 49; stock out 16","33","19","9","41.83"
"Demo Store","Demo Item 0110","DEMO-0110","200000000110","other","mL","Reference history: stock in 50; stock out 8","42","20","10","42.20"
"Demo Store","Demo Item 0111","DEMO-0111","200000000111","grocery","box","Reference history: stock in 51; stock out 15","36","21","10","42.57"
"Demo Store","Demo Item 0112","DEMO-0112","200000000112","beverages","pack","Reference history: stock in 52; stock out 7","45","22","11","42.94"
"Demo Store","Demo Item 0113","DEMO-0113","200000000113","food_beverage","case","Reference history: stock in 53; stock out 14","39","23","11","43.31"
"Demo Store","Demo Item 0114","DEMO-0114","200000000114","health_beauty","bottle","Reference history: stock in 54; stock out 6","48","24","12","43.68"
"Demo Store","Demo Item 0115","DEMO-0115","200000000115","household","can","Reference history: stock in 55; stock out 13","42","25","12","44.05"
"Demo Store","Demo Item 0116","DEMO-0116","200000000116","apparel","bag","Reference history: stock in 56; stock out 5","51","26","13","44.42"
"Demo Store","Demo Item 0117","DEMO-0117","200000000117","accessories","roll","Reference history: stock in 57; stock out 12","45","27","13","44.79"
"Demo Store","Demo Item 0118","DEMO-0118","200000000118","electronics","pair","Reference history: stock in 58; stock out 4","54","28","14","45.16"
"Demo Store","Demo Item 0119","DEMO-0119","200000000119","hardware","dozen","Reference history: stock in 59; stock out 11","48","29","14","45.53"
"Demo Store","Demo Item 0120","DEMO-0120","200000000120","other","ea","Reference history: stock in 60; stock out 3","57","10","5","45.90"
"Demo Store","Demo Item 0121","DEMO-0121","200000000121","grocery","pc","Reference history: stock in 61; stock out 10","51","11","5","46.27"
"Demo Store","Demo Item 0122","DEMO-0122","200000000122","beverages","kg","Reference history: stock in 62; stock out 17","45","12","6","46.64"
"Demo Store","Demo Item 0123","DEMO-0123","200000000123","food_beverage","g","Reference history: stock in 63; stock out 9","54","13","6","47.01"
"Demo Store","Demo Item 0124","DEMO-0124","200000000124","health_beauty","lb","Reference history: stock in 64; stock out 16","48","14","7","47.38"
"Demo Store","Demo Item 0125","DEMO-0125","200000000125","household","oz","Reference history: stock in 65; stock out 8","57","15","7","47.75"
"Demo Store","Demo Item 0126","DEMO-0126","200000000126","apparel","L","Reference history: stock in 66; stock out 15","51","16","8","48.12"
"Demo Store","Demo Item 0127","DEMO-0127","200000000127","accessories","mL","Reference history: stock in 67; stock out 7","60","17","8","48.49"
"Demo Store","Demo Item 0128","DEMO-0128","200000000128","electronics","box","Reference history: stock in 68; stock out 14","54","18","9","48.86"
"Demo Store","Demo Item 0129","DEMO-0129","200000000129","hardware","pack","Reference history: stock in 69; stock out 6","63","19","9","49.23"
"Demo Store","Demo Item 0130","DEMO-0130","200000000130","other","case","Reference history: stock in 70; stock out 13","57","20","10","49.60"
"Demo Store","Demo Item 0131","DEMO-0131","200000000131","grocery","bottle","Reference history: stock in 71; stock out 5","66","21","10","49.97"
"Demo Store","Demo Item 0132","DEMO-0132","200000000132","beverages","can","Reference history: stock in 72; stock out 12","60","22","11","50.34"
"Demo Store","Demo Item 0133","DEMO-0133","200000000133","food_beverage","bag","Reference history: stock in 73; stock out 4","69","23","11","50.71"
"Demo Store","Demo Item 0134","DEMO-0134","200000000134","health_beauty","roll","Reference history: stock in 74; stock out 11","63","24","12","51.08"
"Demo Store","Demo Item 0135","DEMO-0135","200000000135","household","pair","Reference history: stock in 75; stock out 3","72","25","12","51.45"
"Demo Store","Demo Item 0136","DEMO-0136","200000000136","apparel","dozen","Reference history: stock in 76; stock out 10","66","26","13","51.82"
"Demo Store","Demo Item 0137","DEMO-0137","200000000137","accessories","ea","Reference history: stock in 77; stock out 17","60","27","13","52.19"
"Demo Store","Demo Item 0138","DEMO-0138","200000000138","electronics","pc","Reference history: stock in 78; stock out 9","69","28","14","52.56"
"Demo Store","Demo Item 0139","DEMO-0139","200000000139","hardware","kg","Reference history: stock in 79; stock out 16","63","29","14","52.93"
"Demo Store","Demo Item 0140","DEMO-0140","200000000140","other","g","Reference history: stock in 80; stock out 8","72","10","5","53.30"
"Demo Store","Demo Item 0141","DEMO-0141","200000000141","grocery","lb","Reference history: stock in 81; stock out 15","66","11","5","53.67"
"Demo Store","Demo Item 0142","DEMO-0142","200000000142","beverages","oz","Reference history: stock in 82; stock out 7","75","12","6","54.04"
"Demo Store","Demo Item 0143","DEMO-0143","200000000143","food_beverage","L","Reference history: stock in 83; stock out 14","69","13","6","54.41"
"Demo Store","Demo Item 0144","DEMO-0144","200000000144","health_beauty","mL","Reference history: stock in 84; stock out 6","78","14","7","54.78"
"Demo Store","Demo Item 0145","DEMO-0145","200000000145","household","box","Reference history: stock in 85; stock out 13","72","15","7","55.15"
"Demo Store","Demo Item 0146","DEMO-0146","200000000146","apparel","pack","Reference history: stock in 86; stock out 5","81","16","8","55.52"
"Demo Store","Demo Item 0147","DEMO-0147","200000000147","accessories","case","Reference history: stock in 87; stock out 12","75","17","8","55.89"
"Demo Store","Demo Item 0148","DEMO-0148","200000000148","electronics","bottle","Reference history: stock in 88; stock out 4","84","18","9","56.26"
"Demo Store","Demo Item 0149","DEMO-0149","200000000149","hardware","can","Reference history: stock in 89; stock out 11","78","19","9","56.63"
"Demo Store","Demo Item 0150","DEMO-0150","200000000150","other","bag","Reference history: stock in 90; stock out 3","87","20","10","57.00"
"Demo Store","Demo Item 0151","DEMO-0151","200000000151","grocery","roll","Reference history: stock in 91; stock out 10","81","21","10","57.37"
"Demo Store","Demo Item 0152","DEMO-0152","200000000152","beverages","pair","Reference history: stock in 92; stock out 17","75","22","11","57.74"
"Demo Store","Demo Item 0153","DEMO-0153","200000000153","food_beverage","dozen","Reference history: stock in 93; stock out 9","84","23","11","58.11"
"Demo Store","Demo Item 0154","DEMO-0154","200000000154","health_beauty","ea","Reference history: stock in 94; stock out 16","78","24","12","58.48"
"Demo Store","Demo Item 0155","DEMO-0155","200000000155","household","pc","Reference history: stock in 95; stock out 8","87","25","12","58.85"
"Demo Store","Demo Item 0156","DEMO-0156","200000000156","apparel","kg","Reference history: stock in 96; stock out 15","81","26","13","59.22"
"Demo Store","Demo Item 0157","DEMO-0157","200000000157","accessories","g","Reference history: stock in 97; stock out 7","90","27","13","59.59"
"Demo Store","Demo Item 0158","DEMO-0158","200000000158","electronics","lb","Reference history: stock in 98; stock out 14","84","28","14","59.96"
"Demo Store","Demo Item 0159","DEMO-0159","200000000159","hardware","oz","Reference history: stock in 99; stock out 6","93","29","14","60.33"
"Demo Store","Demo Item 0160","DEMO-0160","200000000160","other","L","Reference history: stock in 20; stock out 13","7","10","5","60.70"
"Demo Store","Demo Item 0161","DEMO-0161","200000000161","grocery","mL","Reference history: stock in 21; stock out 5","16","11","5","61.07"
"Demo Store","Demo Item 0162","DEMO-0162","200000000162","beverages","box","Reference history: stock in 22; stock out 12","10","12","6","61.44"
"Demo Store","Demo Item 0163","DEMO-0163","200000000163","food_beverage","pack","Reference history: stock in 23; stock out 4","19","13","6","61.81"
"Demo Store","Demo Item 0164","DEMO-0164","200000000164","health_beauty","case","Reference history: stock in 24; stock out 11","13","14","7","62.18"
"Demo Store","Demo Item 0165","DEMO-0165","200000000165","household","bottle","Reference history: stock in 25; stock out 3","22","15","7","62.55"
"Demo Store","Demo Item 0166","DEMO-0166","200000000166","apparel","can","Reference history: stock in 26; stock out 10","16","16","8","62.92"
"Demo Store","Demo Item 0167","DEMO-0167","200000000167","accessories","bag","Reference history: stock in 27; stock out 17","10","17","8","63.29"
"Demo Store","Demo Item 0168","DEMO-0168","200000000168","electronics","roll","Reference history: stock in 28; stock out 9","19","18","9","63.66"
"Demo Store","Demo Item 0169","DEMO-0169","200000000169","hardware","pair","Reference history: stock in 29; stock out 16","13","19","9","64.03"
"Demo Store","Demo Item 0170","DEMO-0170","200000000170","other","dozen","Reference history: stock in 30; stock out 8","22","20","10","64.40"
"Demo Store","Demo Item 0171","DEMO-0171","200000000171","grocery","ea","Reference history: stock in 31; stock out 15","16","21","10","64.77"
"Demo Store","Demo Item 0172","DEMO-0172","200000000172","beverages","pc","Reference history: stock in 32; stock out 7","25","22","11","65.14"
"Demo Store","Demo Item 0173","DEMO-0173","200000000173","food_beverage","kg","Reference history: stock in 33; stock out 14","19","23","11","65.51"
"Demo Store","Demo Item 0174","DEMO-0174","200000000174","health_beauty","g","Reference history: stock in 34; stock out 6","28","24","12","65.88"
"Demo Store","Demo Item 0175","DEMO-0175","200000000175","household","lb","Reference history: stock in 35; stock out 13","22","25","12","66.25"
"Demo Store","Demo Item 0176","DEMO-0176","200000000176","apparel","oz","Reference history: stock in 36; stock out 5","31","26","13","66.62"
"Demo Store","Demo Item 0177","DEMO-0177","200000000177","accessories","L","Reference history: stock in 37; stock out 12","25","27","13","66.99"
"Demo Store","Demo Item 0178","DEMO-0178","200000000178","electronics","mL","Reference history: stock in 38; stock out 4","34","28","14","67.36"
"Demo Store","Demo Item 0179","DEMO-0179","200000000179","hardware","box","Reference history: stock in 39; stock out 11","28","29","14","67.73"
"Demo Store","Demo Item 0180","DEMO-0180","200000000180","other","pack","Reference history: stock in 40; stock out 3","37","10","5","68.10"
"Demo Store","Demo Item 0181","DEMO-0181","200000000181","grocery","case","Reference history: stock in 41; stock out 10","31","11","5","68.47"
"Demo Store","Demo Item 0182","DEMO-0182","200000000182","beverages","bottle","Reference history: stock in 42; stock out 17","25","12","6","68.84"
"Demo Store","Demo Item 0183","DEMO-0183","200000000183","food_beverage","can","Reference history: stock in 43; stock out 9","34","13","6","69.21"
"Demo Store","Demo Item 0184","DEMO-0184","200000000184","health_beauty","bag","Reference history: stock in 44; stock out 16","28","14","7","69.58"
"Demo Store","Demo Item 0185","DEMO-0185","200000000185","household","roll","Reference history: stock in 45; stock out 8","37","15","7","69.95"
"Demo Store","Demo Item 0186","DEMO-0186","200000000186","apparel","pair","Reference history: stock in 46; stock out 15","31","16","8","70.32"
"Demo Store","Demo Item 0187","DEMO-0187","200000000187","accessories","dozen","Reference history: stock in 47; stock out 7","40","17","8","70.69"
"Demo Store","Demo Item 0188","DEMO-0188","200000000188","electronics","ea","Reference history: stock in 48; stock out 14","34","18","9","71.06"
"Demo Store","Demo Item 0189","DEMO-0189","200000000189","hardware","pc","Reference history: stock in 49; stock out 6","43","19","9","71.43"
"Demo Store","Demo Item 0190","DEMO-0190","200000000190","other","kg","Reference history: stock in 50; stock out 13","37","20","10","71.80"
"Demo Store","Demo Item 0191","DEMO-0191","200000000191","grocery","g","Reference history: stock in 51; stock out 5","46","21","10","72.17"
"Demo Store","Demo Item 0192","DEMO-0192","200000000192","beverages","lb","Reference history: stock in 52; stock out 12","40","22","11","72.54"
"Demo Store","Demo Item 0193","DEMO-0193","200000000193","food_beverage","oz","Reference history: stock in 53; stock out 4","49","23","11","72.91"
"Demo Store","Demo Item 0194","DEMO-0194","200000000194","health_beauty","L","Reference history: stock in 54; stock out 11","43","24","12","73.28"
"Demo Store","Demo Item 0195","DEMO-0195","200000000195","household","mL","Reference history: stock in 55; stock out 3","52","25","12","73.65"
"Demo Store","Demo Item 0196","DEMO-0196","200000000196","apparel","box","Reference history: stock in 56; stock out 10","46","26","13","74.02"
"Demo Store","Demo Item 0197","DEMO-0197","200000000197","accessories","pack","Reference history: stock in 57; stock out 17","40","27","13","74.39"
"Demo Store","Demo Item 0198","DEMO-0198","200000000198","electronics","case","Reference history: stock in 58; stock out 9","49","28","14","74.76"
"Demo Store","Demo Item 0199","DEMO-0199","200000000199","hardware","bottle","Reference history: stock in 59; stock out 16","43","29","14","75.13"
"Demo Store","Demo Item 0200","DEMO-0200","200000000200","other","can","Reference history: stock in 60; stock out 8","52","10","5","75.50"
"Demo Store","Demo Item 0201","DEMO-0201","200000000201","grocery","bag","Reference history: stock in 61; stock out 15","46","11","5","75.87"
"Demo Store","Demo Item 0202","DEMO-0202","200000000202","beverages","roll","Reference history: stock in 62; stock out 7","55","12","6","76.24"
"Demo Store","Demo Item 0203","DEMO-0203","200000000203","food_beverage","pair","Reference history: stock in 63; stock out 14","49","13","6","76.61"
"Demo Store","Demo Item 0204","DEMO-0204","200000000204","health_beauty","dozen","Reference history: stock in 64; stock out 6","58","14","7","76.98"
"Demo Store","Demo Item 0205","DEMO-0205","200000000205","household","ea","Reference history: stock in 65; stock out 13","52","15","7","77.35"
"Demo Store","Demo Item 0206","DEMO-0206","200000000206","apparel","pc","Reference history: stock in 66; stock out 5","61","16","8","77.72"
"Demo Store","Demo Item 0207","DEMO-0207","200000000207","accessories","kg","Reference history: stock in 67; stock out 12","55","17","8","78.09"
"Demo Store","Demo Item 0208","DEMO-0208","200000000208","electronics","g","Reference history: stock in 68; stock out 4","64","18","9","78.46"
"Demo Store","Demo Item 0209","DEMO-0209","200000000209","hardware","lb","Reference history: stock in 69; stock out 11","58","19","9","78.83"
"Demo Store","Demo Item 0210","DEMO-0210","200000000210","other","oz","Reference history: stock in 70; stock out 3","67","20","10","79.20"
"Demo Store","Demo Item 0211","DEMO-0211","200000000211","grocery","L","Reference history: stock in 71; stock out 10","61","21","10","79.57"
"Demo Store","Demo Item 0212","DEMO-0212","200000000212","beverages","mL","Reference history: stock in 72; stock out 17","55","22","11","79.94"
"Demo Store","Demo Item 0213","DEMO-0213","200000000213","food_beverage","box","Reference history: stock in 73; stock out 9","64","23","11","80.31"
"Demo Store","Demo Item 0214","DEMO-0214","200000000214","health_beauty","pack","Reference history: stock in 74; stock out 16","58","24","12","80.68"
"Demo Store","Demo Item 0215","DEMO-0215","200000000215","household","case","Reference history: stock in 75; stock out 8","67","25","12","81.05"
"Demo Store","Demo Item 0216","DEMO-0216","200000000216","apparel","bottle","Reference history: stock in 76; stock out 15","61","26","13","81.42"
"Demo Store","Demo Item 0217","DEMO-0217","200000000217","accessories","can","Reference history: stock in 77; stock out 7","70","27","13","81.79"
"Demo Store","Demo Item 0218","DEMO-0218","200000000218","electronics","bag","Reference history: stock in 78; stock out 14","64","28","14","82.16"
"Demo Store","Demo Item 0219","DEMO-0219","200000000219","hardware","roll","Reference history: stock in 79; stock out 6","73","29","14","82.53"
"Demo Store","Demo Item 0220","DEMO-0220","200000000220","other","pair","Reference history: stock in 80; stock out 13","67","10","5","82.90"
"Demo Store","Demo Item 0221","DEMO-0221","200000000221","grocery","dozen","Reference history: stock in 81; stock out 5","76","11","5","83.27"
"Demo Store","Demo Item 0222","DEMO-0222","200000000222","beverages","ea","Reference history: stock in 82; stock out 12","70","12","6","83.64"
"Demo Store","Demo Item 0223","DEMO-0223","200000000223","food_beverage","pc","Reference history: stock in 83; stock out 4","79","13","6","84.01"
"Demo Store","Demo Item 0224","DEMO-0224","200000000224","health_beauty","kg","Reference history: stock in 84; stock out 11","73","14","7","84.38"
"Demo Store","Demo Item 0225","DEMO-0225","200000000225","household","g","Reference history: stock in 85; stock out 3","82","15","7","84.75"
"Demo Store","Demo Item 0226","DEMO-0226","200000000226","apparel","lb","Reference history: stock in 86; stock out 10","76","16","8","85.12"
"Demo Store","Demo Item 0227","DEMO-0227","200000000227","accessories","oz","Reference history: stock in 87; stock out 17","70","17","8","85.49"
"Demo Store","Demo Item 0228","DEMO-0228","200000000228","electronics","L","Reference history: stock in 88; stock out 9","79","18","9","85.86"
"Demo Store","Demo Item 0229","DEMO-0229","200000000229","hardware","mL","Reference history: stock in 89; stock out 16","73","19","9","86.23"
"Demo Store","Demo Item 0230","DEMO-0230","200000000230","other","box","Reference history: stock in 90; stock out 8","82","20","10","86.60"
"Demo Store","Demo Item 0231","DEMO-0231","200000000231","grocery","pack","Reference history: stock in 91; stock out 15","76","21","10","86.97"
"Demo Store","Demo Item 0232","DEMO-0232","200000000232","beverages","case","Reference history: stock in 92; stock out 7","85","22","11","87.34"
"Demo Store","Demo Item 0233","DEMO-0233","200000000233","food_beverage","bottle","Reference history: stock in 93; stock out 14","79","23","11","87.71"
"Demo Store","Demo Item 0234","DEMO-0234","200000000234","health_beauty","can","Reference history: stock in 94; stock out 6","88","24","12","88.08"
"Demo Store","Demo Item 0235","DEMO-0235","200000000235","household","bag","Reference history: stock in 95; stock out 13","82","25","12","88.45"
"Demo Store","Demo Item 0236","DEMO-0236","200000000236","apparel","roll","Reference history: stock in 96; stock out 5","91","26","13","88.82"
"Demo Store","Demo Item 0237","DEMO-0237","200000000237","accessories","pair","Reference history: stock in 97; stock out 12","85","27","13","89.19"
"Demo Store","Demo Item 0238","DEMO-0238","200000000238","electronics","dozen","Reference history: stock in 98; stock out 4","94","28","14","89.56"
"Demo Store","Demo Item 0239","DEMO-0239","200000000239","hardware","ea","Reference history: stock in 99; stock out 11","88","29","14","89.93"
"Demo Store","Demo Item 0240","DEMO-0240","200000000240","other","pc","Reference history: stock in 20; stock out 3","17","10","5","90.30"
"Demo Store","Demo Item 0241","DEMO-0241","200000000241","grocery","kg","Reference history: stock in 21; stock out 10","11","11","5","90.67"
"Demo Store","Demo Item 0242","DEMO-0242","200000000242","beverages","g","Reference history: stock in 22; stock out 17","5","12","6","91.04"
"Demo Store","Demo Item 0243","DEMO-0243","200000000243","food_beverage","lb","Reference history: stock in 23; stock out 9","14","13","6","91.41"
"Demo Store","Demo Item 0244","DEMO-0244","200000000244","health_beauty","oz","Reference history: stock in 24; stock out 16","8","14","7","91.78"
"Demo Store","Demo Item 0245","DEMO-0245","200000000245","household","L","Reference history: stock in 25; stock out 8","17","15","7","92.15"
"Demo Store","Demo Item 0246","DEMO-0246","200000000246","apparel","mL","Reference history: stock in 26; stock out 15","11","16","8","92.52"
"Demo Store","Demo Item 0247","DEMO-0247","200000000247","accessories","box","Reference history: stock in 27; stock out 7","20","17","8","92.89"
"Demo Store","Demo Item 0248","DEMO-0248","200000000248","electronics","pack","Reference history: stock in 28; stock out 14","14","18","9","93.26"
"Demo Store","Demo Item 0249","DEMO-0249","200000000249","hardware","case","Reference history: stock in 29; stock out 6","23","19","9","93.63"
"Demo Store","Demo Item 0250","DEMO-0250","200000000250","other","bottle","Reference history: stock in 30; stock out 13","17","20","10","94.00"
"Demo Store","Demo Item 0251","DEMO-0251","200000000251","grocery","can","Reference history: stock in 31; stock out 5","26","21","10","94.37"
"Demo Store","Demo Item 0252","DEMO-0252","200000000252","beverages","bag","Reference history: stock in 32; stock out 12","20","22","11","94.74"
"Demo Store","Demo Item 0253","DEMO-0253","200000000253","food_beverage","roll","Reference history: stock in 33; stock out 4","29","23","11","95.11"
"Demo Store","Demo Item 0254","DEMO-0254","200000000254","health_beauty","pair","Reference history: stock in 34; stock out 11","23","24","12","95.48"
"Demo Store","Demo Item 0255","DEMO-0255","200000000255","household","dozen","Reference history: stock in 35; stock out 3","32","25","12","95.85"
"Demo Store","Demo Item 0256","DEMO-0256","200000000256","apparel","ea","Reference history: stock in 36; stock out 10","26","26","13","96.22"
"Demo Store","Demo Item 0257","DEMO-0257","200000000257","accessories","pc","Reference history: stock in 37; stock out 17","20","27","13","96.59"
"Demo Store","Demo Item 0258","DEMO-0258","200000000258","electronics","kg","Reference history: stock in 38; stock out 9","29","28","14","96.96"
"Demo Store","Demo Item 0259","DEMO-0259","200000000259","hardware","g","Reference history: stock in 39; stock out 16","23","29","14","97.33"
"Demo Store","Demo Item 0260","DEMO-0260","200000000260","other","lb","Reference history: stock in 40; stock out 8","32","10","5","97.70"
"Demo Store","Demo Item 0261","DEMO-0261","200000000261","grocery","oz","Reference history: stock in 41; stock out 15","26","11","5","98.07"
"Demo Store","Demo Item 0262","DEMO-0262","200000000262","beverages","L","Reference history: stock in 42; stock out 7","35","12","6","98.44"
"Demo Store","Demo Item 0263","DEMO-0263","200000000263","food_beverage","mL","Reference history: stock in 43; stock out 14","29","13","6","98.81"
"Demo Store","Demo Item 0264","DEMO-0264","200000000264","health_beauty","box","Reference history: stock in 44; stock out 6","38","14","7","99.18"
"Demo Store","Demo Item 0265","DEMO-0265","200000000265","household","pack","Reference history: stock in 45; stock out 13","32","15","7","99.55"
"Demo Store","Demo Item 0266","DEMO-0266","200000000266","apparel","case","Reference history: stock in 46; stock out 5","41","16","8","99.92"
"Demo Store","Demo Item 0267","DEMO-0267","200000000267","accessories","bottle","Reference history: stock in 47; stock out 12","35","17","8","100.29"
"Demo Store","Demo Item 0268","DEMO-0268","200000000268","electronics","can","Reference history: stock in 48; stock out 4","44","18","9","100.66"
"Demo Store","Demo Item 0269","DEMO-0269","200000000269","hardware","bag","Reference history: stock in 49; stock out 11","38","19","9","101.03"
"Demo Store","Demo Item 0270","DEMO-0270","200000000270","other","roll","Reference history: stock in 50; stock out 3","47","20","10","101.40"
"Demo Store","Demo Item 0271","DEMO-0271","200000000271","grocery","pair","Reference history: stock in 51; stock out 10","41","21","10","101.77"
"Demo Store","Demo Item 0272","DEMO-0272","200000000272","beverages","dozen","Reference history: stock in 52; stock out 17","35","22","11","102.14"
"Demo Store","Demo Item 0273","DEMO-0273","200000000273","food_beverage","ea","Reference history: stock in 53; stock out 9","44","23","11","102.51"
"Demo Store","Demo Item 0274","DEMO-0274","200000000274","health_beauty","pc","Reference history: stock in 54; stock out 16","38","24","12","102.88"
"Demo Store","Demo Item 0275","DEMO-0275","200000000275","household","kg","Reference history: stock in 55; stock out 8","47","25","12","103.25"
"Demo Store","Demo Item 0276","DEMO-0276","200000000276","apparel","g","Reference history: stock in 56; stock out 15","41","26","13","103.62"
"Demo Store","Demo Item 0277","DEMO-0277","200000000277","accessories","lb","Reference history: stock in 57; stock out 7","50","27","13","103.99"
"Demo Store","Demo Item 0278","DEMO-0278","200000000278","electronics","oz","Reference history: stock in 58; stock out 14","44","28","14","104.36"
"Demo Store","Demo Item 0279","DEMO-0279","200000000279","hardware","L","Reference history: stock in 59; stock out 6","53","29","14","104.73"
"Demo Store","Demo Item 0280","DEMO-0280","200000000280","other","mL","Reference history: stock in 60; stock out 13","47","10","5","105.10"
"Demo Store","Demo Item 0281","DEMO-0281","200000000281","grocery","box","Reference history: stock in 61; stock out 5","56","11","5","105.47"
"Demo Store","Demo Item 0282","DEMO-0282","200000000282","beverages","pack","Reference history: stock in 62; stock out 12","50","12","6","105.84"
"Demo Store","Demo Item 0283","DEMO-0283","200000000283","food_beverage","case","Reference history: stock in 63; stock out 4","59","13","6","106.21"
"Demo Store","Demo Item 0284","DEMO-0284","200000000284","health_beauty","bottle","Reference history: stock in 64; stock out 11","53","14","7","106.58"
"Demo Store","Demo Item 0285","DEMO-0285","200000000285","household","can","Reference history: stock in 65; stock out 3","62","15","7","106.95"
"Demo Store","Demo Item 0286","DEMO-0286","200000000286","apparel","bag","Reference history: stock in 66; stock out 10","56","16","8","107.32"
"Demo Store","Demo Item 0287","DEMO-0287","200000000287","accessories","roll","Reference history: stock in 67; stock out 17","50","17","8","107.69"
"Demo Store","Demo Item 0288","DEMO-0288","200000000288","electronics","pair","Reference history: stock in 68; stock out 9","59","18","9","108.06"
"Demo Store","Demo Item 0289","DEMO-0289","200000000289","hardware","dozen","Reference history: stock in 69; stock out 16","53","19","9","108.43"
"Demo Store","Demo Item 0290","DEMO-0290","200000000290","other","ea","Reference history: stock in 70; stock out 8","62","20","10","108.80"
"Demo Store","Demo Item 0291","DEMO-0291","200000000291","grocery","pc","Reference history: stock in 71; stock out 15","56","21","10","109.17"
"Demo Store","Demo Item 0292","DEMO-0292","200000000292","beverages","kg","Reference history: stock in 72; stock out 7","65","22","11","109.54"
"Demo Store","Demo Item 0293","DEMO-0293","200000000293","food_beverage","g","Reference history: stock in 73; stock out 14","59","23","11","109.91"
"Demo Store","Demo Item 0294","DEMO-0294","200000000294","health_beauty","lb","Reference history: stock in 74; stock out 6","68","24","12","110.28"
"Demo Store","Demo Item 0295","DEMO-0295","200000000295","household","oz","Reference history: stock in 75; stock out 13","62","25","12","110.65"
"Demo Store","Demo Item 0296","DEMO-0296","200000000296","apparel","L","Reference history: stock in 76; stock out 5","71","26","13","111.02"
"Demo Store","Demo Item 0297","DEMO-0297","200000000297","accessories","mL","Reference history: stock in 77; stock out 12","65","27","13","111.39"
"Demo Store","Demo Item 0298","DEMO-0298","200000000298","electronics","box","Reference history: stock in 78; stock out 4","74","28","14","111.76"
"Demo Store","Demo Item 0299","DEMO-0299","200000000299","hardware","pack","Reference history: stock in 79; stock out 11","68","29","14","112.13"
"Demo Store","Demo Item 0300","DEMO-0300","200000000300","other","case","Reference history: stock in 80; stock out 3","77","10","5","112.50"
"Demo Store","Demo Item 0301","DEMO-0301","200000000301","grocery","bottle","Reference history: stock in 81; stock out 10","71","11","5","112.87"
"Demo Store","Demo Item 0302","DEMO-0302","200000000302","beverages","can","Reference history: stock in 82; stock out 17","65","12","6","113.24"
"Demo Store","Demo Item 0303","DEMO-0303","200000000303","food_beverage","bag","Reference history: stock in 83; stock out 9","74","13","6","113.61"
"Demo Store","Demo Item 0304","DEMO-0304","200000000304","health_beauty","roll","Reference history: stock in 84; stock out 16","68","14","7","113.98"
"Demo Store","Demo Item 0305","DEMO-0305","200000000305","household","pair","Reference history: stock in 85; stock out 8","77","15","7","114.35"
"Demo Store","Demo Item 0306","DEMO-0306","200000000306","apparel","dozen","Reference history: stock in 86; stock out 15","71","16","8","114.72"
"Demo Store","Demo Item 0307","DEMO-0307","200000000307","accessories","ea","Reference history: stock in 87; stock out 7","80","17","8","115.09"
"Demo Store","Demo Item 0308","DEMO-0308","200000000308","electronics","pc","Reference history: stock in 88; stock out 14","74","18","9","115.46"
"Demo Store","Demo Item 0309","DEMO-0309","200000000309","hardware","kg","Reference history: stock in 89; stock out 6","83","19","9","115.83"
"Demo Store","Demo Item 0310","DEMO-0310","200000000310","other","g","Reference history: stock in 90; stock out 13","77","20","10","116.20"
"Demo Store","Demo Item 0311","DEMO-0311","200000000311","grocery","lb","Reference history: stock in 91; stock out 5","86","21","10","116.57"
"Demo Store","Demo Item 0312","DEMO-0312","200000000312","beverages","oz","Reference history: stock in 92; stock out 12","80","22","11","116.94"
"Demo Store","Demo Item 0313","DEMO-0313","200000000313","food_beverage","L","Reference history: stock in 93; stock out 4","89","23","11","117.31"
"Demo Store","Demo Item 0314","DEMO-0314","200000000314","health_beauty","mL","Reference history: stock in 94; stock out 11","83","24","12","117.68"
"Demo Store","Demo Item 0315","DEMO-0315","200000000315","household","box","Reference history: stock in 95; stock out 3","92","25","12","118.05"
"Demo Store","Demo Item 0316","DEMO-0316","200000000316","apparel","pack","Reference history: stock in 96; stock out 10","86","26","13","118.42"
"Demo Store","Demo Item 0317","DEMO-0317","200000000317","accessories","case","Reference history: stock in 97; stock out 17","80","27","13","118.79"
"Demo Store","Demo Item 0318","DEMO-0318","200000000318","electronics","bottle","Reference history: stock in 98; stock out 9","89","28","14","119.16"
"Demo Store","Demo Item 0319","DEMO-0319","200000000319","hardware","can","Reference history: stock in 99; stock out 16","83","29","14","119.53"
"Demo Store","Demo Item 0320","DEMO-0320","200000000320","other","bag","Reference history: stock in 20; stock out 8","12","10","5","119.90"
"Demo Store","Demo Item 0321","DEMO-0321","200000000321","grocery","roll","Reference history: stock in 21; stock out 15","6","11","5","120.27"
"Demo Store","Demo Item 0322","DEMO-0322","200000000322","beverages","pair","Reference history: stock in 22; stock out 7","15","12","6","120.64"
"Demo Store","Demo Item 0323","DEMO-0323","200000000323","food_beverage","dozen","Reference history: stock in 23; stock out 14","9","13","6","121.01"
"Demo Store","Demo Item 0324","DEMO-0324","200000000324","health_beauty","ea","Reference history: stock in 24; stock out 6","18","14","7","121.38"
"Demo Store","Demo Item 0325","DEMO-0325","200000000325","household","pc","Reference history: stock in 25; stock out 13","12","15","7","121.75"
"Demo Store","Demo Item 0326","DEMO-0326","200000000326","apparel","kg","Reference history: stock in 26; stock out 5","21","16","8","122.12"
"Demo Store","Demo Item 0327","DEMO-0327","200000000327","accessories","g","Reference history: stock in 27; stock out 12","15","17","8","122.49"
"Demo Store","Demo Item 0328","DEMO-0328","200000000328","electronics","lb","Reference history: stock in 28; stock out 4","24","18","9","122.86"
"Demo Store","Demo Item 0329","DEMO-0329","200000000329","hardware","oz","Reference history: stock in 29; stock out 11","18","19","9","123.23"
"Demo Store","Demo Item 0330","DEMO-0330","200000000330","other","L","Reference history: stock in 30; stock out 3","27","20","10","123.60"
"Demo Store","Demo Item 0331","DEMO-0331","200000000331","grocery","mL","Reference history: stock in 31; stock out 10","21","21","10","123.97"
"Demo Store","Demo Item 0332","DEMO-0332","200000000332","beverages","box","Reference history: stock in 32; stock out 17","15","22","11","124.34"
"Demo Store","Demo Item 0333","DEMO-0333","200000000333","food_beverage","pack","Reference history: stock in 33; stock out 9","24","23","11","124.71"
"Demo Store","Demo Item 0334","DEMO-0334","200000000334","health_beauty","case","Reference history: stock in 34; stock out 16","18","24","12","125.08"
"Demo Store","Demo Item 0335","DEMO-0335","200000000335","household","bottle","Reference history: stock in 35; stock out 8","27","25","12","125.45"
"Demo Store","Demo Item 0336","DEMO-0336","200000000336","apparel","can","Reference history: stock in 36; stock out 15","21","26","13","125.82"
"Demo Store","Demo Item 0337","DEMO-0337","200000000337","accessories","bag","Reference history: stock in 37; stock out 7","30","27","13","126.19"
"Demo Store","Demo Item 0338","DEMO-0338","200000000338","electronics","roll","Reference history: stock in 38; stock out 14","24","28","14","126.56"
"Demo Store","Demo Item 0339","DEMO-0339","200000000339","hardware","pair","Reference history: stock in 39; stock out 6","33","29","14","126.93"
"Demo Store","Demo Item 0340","DEMO-0340","200000000340","other","dozen","Reference history: stock in 40; stock out 13","27","10","5","127.30"
"Demo Store","Demo Item 0341","DEMO-0341","200000000341","grocery","ea","Reference history: stock in 41; stock out 5","36","11","5","127.67"
"Demo Store","Demo Item 0342","DEMO-0342","200000000342","beverages","pc","Reference history: stock in 42; stock out 12","30","12","6","128.04"
"Demo Store","Demo Item 0343","DEMO-0343","200000000343","food_beverage","kg","Reference history: stock in 43; stock out 4","39","13","6","128.41"
"Demo Store","Demo Item 0344","DEMO-0344","200000000344","health_beauty","g","Reference history: stock in 44; stock out 11","33","14","7","128.78"
"Demo Store","Demo Item 0345","DEMO-0345","200000000345","household","lb","Reference history: stock in 45; stock out 3","42","15","7","129.15"
"Demo Store","Demo Item 0346","DEMO-0346","200000000346","apparel","oz","Reference history: stock in 46; stock out 10","36","16","8","129.52"
"Demo Store","Demo Item 0347","DEMO-0347","200000000347","accessories","L","Reference history: stock in 47; stock out 17","30","17","8","129.89"
"Demo Store","Demo Item 0348","DEMO-0348","200000000348","electronics","mL","Reference history: stock in 48; stock out 9","39","18","9","130.26"
"Demo Store","Demo Item 0349","DEMO-0349","200000000349","hardware","box","Reference history: stock in 49; stock out 16","33","19","9","130.63"
"Demo Store","Demo Item 0350","DEMO-0350","200000000350","other","pack","Reference history: stock in 50; stock out 8","42","20","10","131.00"
"Demo Store","Demo Item 0351","DEMO-0351","200000000351","grocery","case","Reference history: stock in 51; stock out 15","36","21","10","131.37"
"Demo Store","Demo Item 0352","DEMO-0352","200000000352","beverages","bottle","Reference history: stock in 52; stock out 7","45","22","11","131.74"
"Demo Store","Demo Item 0353","DEMO-0353","200000000353","food_beverage","can","Reference history: stock in 53; stock out 14","39","23","11","132.11"
"Demo Store","Demo Item 0354","DEMO-0354","200000000354","health_beauty","bag","Reference history: stock in 54; stock out 6","48","24","12","132.48"
"Demo Store","Demo Item 0355","DEMO-0355","200000000355","household","roll","Reference history: stock in 55; stock out 13","42","25","12","132.85"
"Demo Store","Demo Item 0356","DEMO-0356","200000000356","apparel","pair","Reference history: stock in 56; stock out 5","51","26","13","133.22"
"Demo Store","Demo Item 0357","DEMO-0357","200000000357","accessories","dozen","Reference history: stock in 57; stock out 12","45","27","13","133.59"
"Demo Store","Demo Item 0358","DEMO-0358","200000000358","electronics","ea","Reference history: stock in 58; stock out 4","54","28","14","133.96"
"Demo Store","Demo Item 0359","DEMO-0359","200000000359","hardware","pc","Reference history: stock in 59; stock out 11","48","29","14","134.33"
"Demo Store","Demo Item 0360","DEMO-0360","200000000360","other","kg","Reference history: stock in 60; stock out 3","57","10","5","134.70"
"Demo Store","Demo Item 0361","DEMO-0361","200000000361","grocery","g","Reference history: stock in 61; stock out 10","51","11","5","135.07"
"Demo Store","Demo Item 0362","DEMO-0362","200000000362","beverages","lb","Reference history: stock in 62; stock out 17","45","12","6","135.44"
"Demo Store","Demo Item 0363","DEMO-0363","200000000363","food_beverage","oz","Reference history: stock in 63; stock out 9","54","13","6","135.81"
"Demo Store","Demo Item 0364","DEMO-0364","200000000364","health_beauty","L","Reference history: stock in 64; stock out 16","48","14","7","136.18"
"Demo Store","Demo Item 0365","DEMO-0365","200000000365","household","mL","Reference history: stock in 65; stock out 8","57","15","7","136.55"
"Demo Store","Demo Item 0366","DEMO-0366","200000000366","apparel","box","Reference history: stock in 66; stock out 15","51","16","8","136.92"
"Demo Store","Demo Item 0367","DEMO-0367","200000000367","accessories","pack","Reference history: stock in 67; stock out 7","60","17","8","137.29"
"Demo Store","Demo Item 0368","DEMO-0368","200000000368","electronics","case","Reference history: stock in 68; stock out 14","54","18","9","137.66"
"Demo Store","Demo Item 0369","DEMO-0369","200000000369","hardware","bottle","Reference history: stock in 69; stock out 6","63","19","9","138.03"
"Demo Store","Demo Item 0370","DEMO-0370","200000000370","other","can","Reference history: stock in 70; stock out 13","57","20","10","138.40"
"Demo Store","Demo Item 0371","DEMO-0371","200000000371","grocery","bag","Reference history: stock in 71; stock out 5","66","21","10","138.77"
"Demo Store","Demo Item 0372","DEMO-0372","200000000372","beverages","roll","Reference history: stock in 72; stock out 12","60","22","11","139.14"
"Demo Store","Demo Item 0373","DEMO-0373","200000000373","food_beverage","pair","Reference history: stock in 73; stock out 4","69","23","11","139.51"
"Demo Store","Demo Item 0374","DEMO-0374","200000000374","health_beauty","dozen","Reference history: stock in 74; stock out 11","63","24","12","139.88"
"Demo Store","Demo Item 0375","DEMO-0375","200000000375","household","ea","Reference history: stock in 75; stock out 3","72","25","12","140.25"
"Demo Store","Demo Item 0376","DEMO-0376","200000000376","apparel","pc","Reference history: stock in 76; stock out 10","66","26","13","140.62"
"Demo Store","Demo Item 0377","DEMO-0377","200000000377","accessories","kg","Reference history: stock in 77; stock out 17","60","27","13","140.99"
"Demo Store","Demo Item 0378","DEMO-0378","200000000378","electronics","g","Reference history: stock in 78; stock out 9","69","28","14","141.36"
"Demo Store","Demo Item 0379","DEMO-0379","200000000379","hardware","lb","Reference history: stock in 79; stock out 16","63","29","14","141.73"
"Demo Store","Demo Item 0380","DEMO-0380","200000000380","other","oz","Reference history: stock in 80; stock out 8","72","10","5","142.10"
"Demo Store","Demo Item 0381","DEMO-0381","200000000381","grocery","L","Reference history: stock in 81; stock out 15","66","11","5","142.47"
"Demo Store","Demo Item 0382","DEMO-0382","200000000382","beverages","mL","Reference history: stock in 82; stock out 7","75","12","6","142.84"
"Demo Store","Demo Item 0383","DEMO-0383","200000000383","food_beverage","box","Reference history: stock in 83; stock out 14","69","13","6","143.21"
"Demo Store","Demo Item 0384","DEMO-0384","200000000384","health_beauty","pack","Reference history: stock in 84; stock out 6","78","14","7","143.58"
"Demo Store","Demo Item 0385","DEMO-0385","200000000385","household","case","Reference history: stock in 85; stock out 13","72","15","7","143.95"
"Demo Store","Demo Item 0386","DEMO-0386","200000000386","apparel","bottle","Reference history: stock in 86; stock out 5","81","16","8","144.32"
"Demo Store","Demo Item 0387","DEMO-0387","200000000387","accessories","can","Reference history: stock in 87; stock out 12","75","17","8","144.69"
"Demo Store","Demo Item 0388","DEMO-0388","200000000388","electronics","bag","Reference history: stock in 88; stock out 4","84","18","9","145.06"
"Demo Store","Demo Item 0389","DEMO-0389","200000000389","hardware","roll","Reference history: stock in 89; stock out 11","78","19","9","145.43"
"Demo Store","Demo Item 0390","DEMO-0390","200000000390","other","pair","Reference history: stock in 90; stock out 3","87","20","10","145.80"
"Demo Store","Demo Item 0391","DEMO-0391","200000000391","grocery","dozen","Reference history: stock in 91; stock out 10","81","21","10","146.17"
"Demo Store","Demo Item 0392","DEMO-0392","200000000392","beverages","ea","Reference history: stock in 92; stock out 17","75","22","11","146.54"
"Demo Store","Demo Item 0393","DEMO-0393","200000000393","food_beverage","pc","Reference history: stock in 93; stock out 9","84","23","11","146.91"
"Demo Store","Demo Item 0394","DEMO-0394","200000000394","health_beauty","kg","Reference history: stock in 94; stock out 16","78","24","12","147.28"
"Demo Store","Demo Item 0395","DEMO-0395","200000000395","household","g","Reference history: stock in 95; stock out 8","87","25","12","147.65"
"Demo Store","Demo Item 0396","DEMO-0396","200000000396","apparel","lb","Reference history: stock in 96; stock out 15","81","26","13","148.02"
"Demo Store","Demo Item 0397","DEMO-0397","200000000397","accessories","oz","Reference history: stock in 97; stock out 7","90","27","13","148.39"
"Demo Store","Demo Item 0398","DEMO-0398","200000000398","electronics","L","Reference history: stock in 98; stock out 14","84","28","14","148.76"
"Demo Store","Demo Item 0399","DEMO-0399","200000000399","hardware","mL","Reference history: stock in 99; stock out 6","93","29","14","149.13"
"Demo Store","Demo Item 0400","DEMO-0400","200000000400","other","box","Reference history: stock in 20; stock out 13","7","10","5","149.50"
"Demo Store","Demo Item 0401","DEMO-0401","200000000401","grocery","pack","Reference history: stock in 21; stock out 5","16","11","5","149.87"
"Demo Store","Demo Item 0402","DEMO-0402","200000000402","beverages","case","Reference history: stock in 22; stock out 12","10","12","6","150.24"
"Demo Store","Demo Item 0403","DEMO-0403","200000000403","food_beverage","bottle","Reference history: stock in 23; stock out 4","19","13","6","150.61"
"Demo Store","Demo Item 0404","DEMO-0404","200000000404","health_beauty","can","Reference history: stock in 24; stock out 11","13","14","7","150.98"
"Demo Store","Demo Item 0405","DEMO-0405","200000000405","household","bag","Reference history: stock in 25; stock out 3","22","15","7","151.35"
"Demo Store","Demo Item 0406","DEMO-0406","200000000406","apparel","roll","Reference history: stock in 26; stock out 10","16","16","8","151.72"
"Demo Store","Demo Item 0407","DEMO-0407","200000000407","accessories","pair","Reference history: stock in 27; stock out 17","10","17","8","152.09"
"Demo Store","Demo Item 0408","DEMO-0408","200000000408","electronics","dozen","Reference history: stock in 28; stock out 9","19","18","9","152.46"
"Demo Store","Demo Item 0409","DEMO-0409","200000000409","hardware","ea","Reference history: stock in 29; stock out 16","13","19","9","152.83"
"Demo Store","Demo Item 0410","DEMO-0410","200000000410","other","pc","Reference history: stock in 30; stock out 8","22","20","10","153.20"
"Demo Store","Demo Item 0411","DEMO-0411","200000000411","grocery","kg","Reference history: stock in 31; stock out 15","16","21","10","153.57"
"Demo Store","Demo Item 0412","DEMO-0412","200000000412","beverages","g","Reference history: stock in 32; stock out 7","25","22","11","153.94"
"Demo Store","Demo Item 0413","DEMO-0413","200000000413","food_beverage","lb","Reference history: stock in 33; stock out 14","19","23","11","154.31"
"Demo Store","Demo Item 0414","DEMO-0414","200000000414","health_beauty","oz","Reference history: stock in 34; stock out 6","28","24","12","154.68"
"Demo Store","Demo Item 0415","DEMO-0415","200000000415","household","L","Reference history: stock in 35; stock out 13","22","25","12","155.05"
"Demo Store","Demo Item 0416","DEMO-0416","200000000416","apparel","mL","Reference history: stock in 36; stock out 5","31","26","13","155.42"
"Demo Store","Demo Item 0417","DEMO-0417","200000000417","accessories","box","Reference history: stock in 37; stock out 12","25","27","13","155.79"
"Demo Store","Demo Item 0418","DEMO-0418","200000000418","electronics","pack","Reference history: stock in 38; stock out 4","34","28","14","156.16"
"Demo Store","Demo Item 0419","DEMO-0419","200000000419","hardware","case","Reference history: stock in 39; stock out 11","28","29","14","156.53"
"Demo Store","Demo Item 0420","DEMO-0420","200000000420","other","bottle","Reference history: stock in 40; stock out 3","37","10","5","156.90"
"Demo Store","Demo Item 0421","DEMO-0421","200000000421","grocery","can","Reference history: stock in 41; stock out 10","31","11","5","157.27"
"Demo Store","Demo Item 0422","DEMO-0422","200000000422","beverages","bag","Reference history: stock in 42; stock out 17","25","12","6","157.64"
"Demo Store","Demo Item 0423","DEMO-0423","200000000423","food_beverage","roll","Reference history: stock in 43; stock out 9","34","13","6","158.01"
"Demo Store","Demo Item 0424","DEMO-0424","200000000424","health_beauty","pair","Reference history: stock in 44; stock out 16","28","14","7","158.38"
"Demo Store","Demo Item 0425","DEMO-0425","200000000425","household","dozen","Reference history: stock in 45; stock out 8","37","15","7","158.75"
"Demo Store","Demo Item 0426","DEMO-0426","200000000426","apparel","ea","Reference history: stock in 46; stock out 15","31","16","8","159.12"
"Demo Store","Demo Item 0427","DEMO-0427","200000000427","accessories","pc","Reference history: stock in 47; stock out 7","40","17","8","159.49"
"Demo Store","Demo Item 0428","DEMO-0428","200000000428","electronics","kg","Reference history: stock in 48; stock out 14","34","18","9","159.86"
"Demo Store","Demo Item 0429","DEMO-0429","200000000429","hardware","g","Reference history: stock in 49; stock out 6","43","19","9","160.23"
"Demo Store","Demo Item 0430","DEMO-0430","200000000430","other","lb","Reference history: stock in 50; stock out 13","37","20","10","160.60"
"Demo Store","Demo Item 0431","DEMO-0431","200000000431","grocery","oz","Reference history: stock in 51; stock out 5","46","21","10","160.97"
"Demo Store","Demo Item 0432","DEMO-0432","200000000432","beverages","L","Reference history: stock in 52; stock out 12","40","22","11","161.34"
"Demo Store","Demo Item 0433","DEMO-0433","200000000433","food_beverage","mL","Reference history: stock in 53; stock out 4","49","23","11","161.71"
"Demo Store","Demo Item 0434","DEMO-0434","200000000434","health_beauty","box","Reference history: stock in 54; stock out 11","43","24","12","162.08"
"Demo Store","Demo Item 0435","DEMO-0435","200000000435","household","pack","Reference history: stock in 55; stock out 3","52","25","12","162.45"
"Demo Store","Demo Item 0436","DEMO-0436","200000000436","apparel","case","Reference history: stock in 56; stock out 10","46","26","13","162.82"
"Demo Store","Demo Item 0437","DEMO-0437","200000000437","accessories","bottle","Reference history: stock in 57; stock out 17","40","27","13","163.19"
"Demo Store","Demo Item 0438","DEMO-0438","200000000438","electronics","can","Reference history: stock in 58; stock out 9","49","28","14","163.56"
"Demo Store","Demo Item 0439","DEMO-0439","200000000439","hardware","bag","Reference history: stock in 59; stock out 16","43","29","14","163.93"
"Demo Store","Demo Item 0440","DEMO-0440","200000000440","other","roll","Reference history: stock in 60; stock out 8","52","10","5","164.30"
"Demo Store","Demo Item 0441","DEMO-0441","200000000441","grocery","pair","Reference history: stock in 61; stock out 15","46","11","5","164.67"
"Demo Store","Demo Item 0442","DEMO-0442","200000000442","beverages","dozen","Reference history: stock in 62; stock out 7","55","12","6","165.04"
"Demo Store","Demo Item 0443","DEMO-0443","200000000443","food_beverage","ea","Reference history: stock in 63; stock out 14","49","13","6","165.41"
"Demo Store","Demo Item 0444","DEMO-0444","200000000444","health_beauty","pc","Reference history: stock in 64; stock out 6","58","14","7","165.78"
"Demo Store","Demo Item 0445","DEMO-0445","200000000445","household","kg","Reference history: stock in 65; stock out 13","52","15","7","166.15"
"Demo Store","Demo Item 0446","DEMO-0446","200000000446","apparel","g","Reference history: stock in 66; stock out 5","61","16","8","166.52"
"Demo Store","Demo Item 0447","DEMO-0447","200000000447","accessories","lb","Reference history: stock in 67; stock out 12","55","17","8","166.89"
"Demo Store","Demo Item 0448","DEMO-0448","200000000448","electronics","oz","Reference history: stock in 68; stock out 4","64","18","9","167.26"
"Demo Store","Demo Item 0449","DEMO-0449","200000000449","hardware","L","Reference history: stock in 69; stock out 11","58","19","9","167.63"
"Demo Store","Demo Item 0450","DEMO-0450","200000000450","other","mL","Reference history: stock in 70; stock out 3","67","20","10","168.00"
"Demo Store","Demo Item 0451","DEMO-0451","200000000451","grocery","box","Reference history: stock in 71; stock out 10","61","21","10","168.37"
"Demo Store","Demo Item 0452","DEMO-0452","200000000452","beverages","pack","Reference history: stock in 72; stock out 17","55","22","11","168.74"
"Demo Store","Demo Item 0453","DEMO-0453","200000000453","food_beverage","case","Reference history: stock in 73; stock out 9","64","23","11","169.11"
"Demo Store","Demo Item 0454","DEMO-0454","200000000454","health_beauty","bottle","Reference history: stock in 74; stock out 16","58","24","12","169.48"
"Demo Store","Demo Item 0455","DEMO-0455","200000000455","household","can","Reference history: stock in 75; stock out 8","67","25","12","169.85"
"Demo Store","Demo Item 0456","DEMO-0456","200000000456","apparel","bag","Reference history: stock in 76; stock out 15","61","26","13","170.22"
"Demo Store","Demo Item 0457","DEMO-0457","200000000457","accessories","roll","Reference history: stock in 77; stock out 7","70","27","13","170.59"
"Demo Store","Demo Item 0458","DEMO-0458","200000000458","electronics","pair","Reference history: stock in 78; stock out 14","64","28","14","170.96"
"Demo Store","Demo Item 0459","DEMO-0459","200000000459","hardware","dozen","Reference history: stock in 79; stock out 6","73","29","14","171.33"
"Demo Store","Demo Item 0460","DEMO-0460","200000000460","other","ea","Reference history: stock in 80; stock out 13","67","10","5","171.70"
"Demo Store","Demo Item 0461","DEMO-0461","200000000461","grocery","pc","Reference history: stock in 81; stock out 5","76","11","5","172.07"
"Demo Store","Demo Item 0462","DEMO-0462","200000000462","beverages","kg","Reference history: stock in 82; stock out 12","70","12","6","172.44"
"Demo Store","Demo Item 0463","DEMO-0463","200000000463","food_beverage","g","Reference history: stock in 83; stock out 4","79","13","6","172.81"
"Demo Store","Demo Item 0464","DEMO-0464","200000000464","health_beauty","lb","Reference history: stock in 84; stock out 11","73","14","7","173.18"
"Demo Store","Demo Item 0465","DEMO-0465","200000000465","household","oz","Reference history: stock in 85; stock out 3","82","15","7","173.55"
"Demo Store","Demo Item 0466","DEMO-0466","200000000466","apparel","L","Reference history: stock in 86; stock out 10","76","16","8","173.92"
"Demo Store","Demo Item 0467","DEMO-0467","200000000467","accessories","mL","Reference history: stock in 87; stock out 17","70","17","8","174.29"
"Demo Store","Demo Item 0468","DEMO-0468","200000000468","electronics","box","Reference history: stock in 88; stock out 9","79","18","9","174.66"
"Demo Store","Demo Item 0469","DEMO-0469","200000000469","hardware","pack","Reference history: stock in 89; stock out 16","73","19","9","175.03"
"Demo Store","Demo Item 0470","DEMO-0470","200000000470","other","case","Reference history: stock in 90; stock out 8","82","20","10","175.40"
"Demo Store","Demo Item 0471","DEMO-0471","200000000471","grocery","bottle","Reference history: stock in 91; stock out 15","76","21","10","175.77"
"Demo Store","Demo Item 0472","DEMO-0472","200000000472","beverages","can","Reference history: stock in 92; stock out 7","85","22","11","176.14"
"Demo Store","Demo Item 0473","DEMO-0473","200000000473","food_beverage","bag","Reference history: stock in 93; stock out 14","79","23","11","176.51"
"Demo Store","Demo Item 0474","DEMO-0474","200000000474","health_beauty","roll","Reference history: stock in 94; stock out 6","88","24","12","176.88"
"Demo Store","Demo Item 0475","DEMO-0475","200000000475","household","pair","Reference history: stock in 95; stock out 13","82","25","12","177.25"
"Demo Store","Demo Item 0476","DEMO-0476","200000000476","apparel","dozen","Reference history: stock in 96; stock out 5","91","26","13","177.62"
"Demo Store","Demo Item 0477","DEMO-0477","200000000477","accessories","ea","Reference history: stock in 97; stock out 12","85","27","13","177.99"
"Demo Store","Demo Item 0478","DEMO-0478","200000000478","electronics","pc","Reference history: stock in 98; stock out 4","94","28","14","178.36"
"Demo Store","Demo Item 0479","DEMO-0479","200000000479","hardware","kg","Reference history: stock in 99; stock out 11","88","29","14","178.73"
"Demo Store","Demo Item 0480","DEMO-0480","200000000480","other","g","Reference history: stock in 20; stock out 3","17","10","5","179.10"
"Demo Store","Demo Item 0481","DEMO-0481","200000000481","grocery","lb","Reference history: stock in 21; stock out 10","11","11","5","179.47"
"Demo Store","Demo Item 0482","DEMO-0482","200000000482","beverages","oz","Reference history: stock in 22; stock out 17","5","12","6","179.84"
"Demo Store","Demo Item 0483","DEMO-0483","200000000483","food_beverage","L","Reference history: stock in 23; stock out 9","14","13","6","180.21"
"Demo Store","Demo Item 0484","DEMO-0484","200000000484","health_beauty","mL","Reference history: stock in 24; stock out 16","8","14","7","180.58"
"Demo Store","Demo Item 0485","DEMO-0485","200000000485","household","box","Reference history: stock in 25; stock out 8","17","15","7","180.95"
"Demo Store","Demo Item 0486","DEMO-0486","200000000486","apparel","pack","Reference history: stock in 26; stock out 15","11","16","8","181.32"
"Demo Store","Demo Item 0487","DEMO-0487","200000000487","accessories","case","Reference history: stock in 27; stock out 7","20","17","8","181.69"
"Demo Store","Demo Item 0488","DEMO-0488","200000000488","electronics","bottle","Reference history: stock in 28; stock out 14","14","18","9","182.06"
"Demo Store","Demo Item 0489","DEMO-0489","200000000489","hardware","can","Reference history: stock in 29; stock out 6","23","19","9","182.43"
"Demo Store","Demo Item 0490","DEMO-0490","200000000490","other","bag","Reference history: stock in 30; stock out 13","17","20","10","182.80"
"Demo Store","Demo Item 0491","DEMO-0491","200000000491","grocery","roll","Reference history: stock in 31; stock out 5","26","21","10","183.17"
"Demo Store","Demo Item 0492","DEMO-0492","200000000492","beverages","pair","Reference history: stock in 32; stock out 12","20","22","11","183.54"
"Demo Store","Demo Item 0493","DEMO-0493","200000000493","food_beverage","dozen","Reference history: stock in 33; stock out 4","29","23","11","183.91"
"Demo Store","Demo Item 0494","DEMO-0494","200000000494","health_beauty","ea","Reference history: stock in 34; stock out 11","23","24","12","184.28"
"Demo Store","Demo Item 0495","DEMO-0495","200000000495","household","pc","Reference history: stock in 35; stock out 3","32","25","12","184.65"
"Demo Store","Demo Item 0496","DEMO-0496","200000000496","apparel","kg","Reference history: stock in 36; stock out 10","26","26","13","185.02"
"Demo Store","Demo Item 0497","DEMO-0497","200000000497","accessories","g","Reference history: stock in 37; stock out 17","20","27","13","185.39"
"Demo Store","Demo Item 0498","DEMO-0498","200000000498","electronics","lb","Reference history: stock in 38; stock out 9","29","28","14","185.76"
"Demo Store","Demo Item 0499","DEMO-0499","200000000499","hardware","oz","Reference history: stock in 39; stock out 16","23","29","14","186.13"
"Demo Store","Demo Item 0500","DEMO-0500","200000000500","other","L","Reference history: stock in 40; stock out 8","32","10","5","186.50"
"Demo Store","Demo Item 0501","DEMO-0501","200000000501","grocery","mL","Reference history: stock in 41; stock out 15","26","11","5","186.87"
"Demo Store","Demo Item 0502","DEMO-0502","200000000502","beverages","box","Reference history: stock in 42; stock out 7","35","12","6","187.24"
"Demo Store","Demo Item 0503","DEMO-0503","200000000503","food_beverage","pack","Reference history: stock in 43; stock out 14","29","13","6","187.61"
"Demo Store","Demo Item 0504","DEMO-0504","200000000504","health_beauty","case","Reference history: stock in 44; stock out 6","38","14","7","187.98"
"Demo Store","Demo Item 0505","DEMO-0505","200000000505","household","bottle","Reference history: stock in 45; stock out 13","32","15","7","188.35"
"Demo Store","Demo Item 0506","DEMO-0506","200000000506","apparel","can","Reference history: stock in 46; stock out 5","41","16","8","188.72"
"Demo Store","Demo Item 0507","DEMO-0507","200000000507","accessories","bag","Reference history: stock in 47; stock out 12","35","17","8","189.09"
"Demo Store","Demo Item 0508","DEMO-0508","200000000508","electronics","roll","Reference history: stock in 48; stock out 4","44","18","9","189.46"
"Demo Store","Demo Item 0509","DEMO-0509","200000000509","hardware","pair","Reference history: stock in 49; stock out 11","38","19","9","189.83"
"Demo Store","Demo Item 0510","DEMO-0510","200000000510","other","dozen","Reference history: stock in 50; stock out 3","47","20","10","190.20"
"Demo Store","Demo Item 0511","DEMO-0511","200000000511","grocery","ea","Reference history: stock in 51; stock out 10","41","21","10","190.57"
"Demo Store","Demo Item 0512","DEMO-0512","200000000512","beverages","pc","Reference history: stock in 52; stock out 17","35","22","11","190.94"
"Demo Store","Demo Item 0513","DEMO-0513","200000000513","food_beverage","kg","Reference history: stock in 53; stock out 9","44","23","11","191.31"
"Demo Store","Demo Item 0514","DEMO-0514","200000000514","health_beauty","g","Reference history: stock in 54; stock out 16","38","24","12","191.68"
"Demo Store","Demo Item 0515","DEMO-0515","200000000515","household","lb","Reference history: stock in 55; stock out 8","47","25","12","192.05"
"Demo Store","Demo Item 0516","DEMO-0516","200000000516","apparel","oz","Reference history: stock in 56; stock out 15","41","26","13","192.42"
"Demo Store","Demo Item 0517","DEMO-0517","200000000517","accessories","L","Reference history: stock in 57; stock out 7","50","27","13","192.79"
"Demo Store","Demo Item 0518","DEMO-0518","200000000518","electronics","mL","Reference history: stock in 58; stock out 14","44","28","14","193.16"
"Demo Store","Demo Item 0519","DEMO-0519","200000000519","hardware","box","Reference history: stock in 59; stock out 6","53","29","14","193.53"
"Demo Store","Demo Item 0520","DEMO-0520","200000000520","other","pack","Reference history: stock in 60; stock out 13","47","10","5","193.90"
"Demo Store","Demo Item 0521","DEMO-0521","200000000521","grocery","case","Reference history: stock in 61; stock out 5","56","11","5","194.27"
"Demo Store","Demo Item 0522","DEMO-0522","200000000522","beverages","bottle","Reference history: stock in 62; stock out 12","50","12","6","194.64"
"Demo Store","Demo Item 0523","DEMO-0523","200000000523","food_beverage","can","Reference history: stock in 63; stock out 4","59","13","6","195.01"
"Demo Store","Demo Item 0524","DEMO-0524","200000000524","health_beauty","bag","Reference history: stock in 64; stock out 11","53","14","7","195.38"
"Demo Store","Demo Item 0525","DEMO-0525","200000000525","household","roll","Reference history: stock in 65; stock out 3","62","15","7","195.75"
"Demo Store","Demo Item 0526","DEMO-0526","200000000526","apparel","pair","Reference history: stock in 66; stock out 10","56","16","8","196.12"
"Demo Store","Demo Item 0527","DEMO-0527","200000000527","accessories","dozen","Reference history: stock in 67; stock out 17","50","17","8","196.49"
"Demo Store","Demo Item 0528","DEMO-0528","200000000528","electronics","ea","Reference history: stock in 68; stock out 9","59","18","9","196.86"
"Demo Store","Demo Item 0529","DEMO-0529","200000000529","hardware","pc","Reference history: stock in 69; stock out 16","53","19","9","197.23"
"Demo Store","Demo Item 0530","DEMO-0530","200000000530","other","kg","Reference history: stock in 70; stock out 8","62","20","10","197.60"
"Demo Store","Demo Item 0531","DEMO-0531","200000000531","grocery","g","Reference history: stock in 71; stock out 15","56","21","10","197.97"
"Demo Store","Demo Item 0532","DEMO-0532","200000000532","beverages","lb","Reference history: stock in 72; stock out 7","65","22","11","198.34"
"Demo Store","Demo Item 0533","DEMO-0533","200000000533","food_beverage","oz","Reference history: stock in 73; stock out 14","59","23","11","198.71"
"Demo Store","Demo Item 0534","DEMO-0534","200000000534","health_beauty","L","Reference history: stock in 74; stock out 6","68","24","12","199.08"
"Demo Store","Demo Item 0535","DEMO-0535","200000000535","household","mL","Reference history: stock in 75; stock out 13","62","25","12","199.45"
"Demo Store","Demo Item 0536","DEMO-0536","200000000536","apparel","box","Reference history: stock in 76; stock out 5","71","26","13","199.82"
"Demo Store","Demo Item 0537","DEMO-0537","200000000537","accessories","pack","Reference history: stock in 77; stock out 12","65","27","13","200.19"
"Demo Store","Demo Item 0538","DEMO-0538","200000000538","electronics","case","Reference history: stock in 78; stock out 4","74","28","14","200.56"
"Demo Store","Demo Item 0539","DEMO-0539","200000000539","hardware","bottle","Reference history: stock in 79; stock out 11","68","29","14","200.93"
"Demo Store","Demo Item 0540","DEMO-0540","200000000540","other","can","Reference history: stock in 80; stock out 3","77","10","5","201.30"
"Demo Store","Demo Item 0541","DEMO-0541","200000000541","grocery","bag","Reference history: stock in 81; stock out 10","71","11","5","201.67"
"Demo Store","Demo Item 0542","DEMO-0542","200000000542","beverages","roll","Reference history: stock in 82; stock out 17","65","12","6","202.04"
"Demo Store","Demo Item 0543","DEMO-0543","200000000543","food_beverage","pair","Reference history: stock in 83; stock out 9","74","13","6","202.41"
"Demo Store","Demo Item 0544","DEMO-0544","200000000544","health_beauty","dozen","Reference history: stock in 84; stock out 16","68","14","7","202.78"
"Demo Store","Demo Item 0545","DEMO-0545","200000000545","household","ea","Reference history: stock in 85; stock out 8","77","15","7","203.15"
"Demo Store","Demo Item 0546","DEMO-0546","200000000546","apparel","pc","Reference history: stock in 86; stock out 15","71","16","8","203.52"
"Demo Store","Demo Item 0547","DEMO-0547","200000000547","accessories","kg","Reference history: stock in 87; stock out 7","80","17","8","203.89"
"Demo Store","Demo Item 0548","DEMO-0548","200000000548","electronics","g","Reference history: stock in 88; stock out 14","74","18","9","204.26"
"Demo Store","Demo Item 0549","DEMO-0549","200000000549","hardware","lb","Reference history: stock in 89; stock out 6","83","19","9","204.63"
"Demo Store","Demo Item 0550","DEMO-0550","200000000550","other","oz","Reference history: stock in 90; stock out 13","77","20","10","205.00"
"Demo Store","Demo Item 0551","DEMO-0551","200000000551","grocery","L","Reference history: stock in 91; stock out 5","86","21","10","205.37"
"Demo Store","Demo Item 0552","DEMO-0552","200000000552","beverages","mL","Reference history: stock in 92; stock out 12","80","22","11","205.74"
"Demo Store","Demo Item 0553","DEMO-0553","200000000553","food_beverage","box","Reference history: stock in 93; stock out 4","89","23","11","206.11"
"Demo Store","Demo Item 0554","DEMO-0554","200000000554","health_beauty","pack","Reference history: stock in 94; stock out 11","83","24","12","206.48"
"Demo Store","Demo Item 0555","DEMO-0555","200000000555","household","case","Reference history: stock in 95; stock out 3","92","25","12","206.85"
"Demo Store","Demo Item 0556","DEMO-0556","200000000556","apparel","bottle","Reference history: stock in 96; stock out 10","86","26","13","207.22"
"Demo Store","Demo Item 0557","DEMO-0557","200000000557","accessories","can","Reference history: stock in 97; stock out 17","80","27","13","207.59"
"Demo Store","Demo Item 0558","DEMO-0558","200000000558","electronics","bag","Reference history: stock in 98; stock out 9","89","28","14","207.96"
"Demo Store","Demo Item 0559","DEMO-0559","200000000559","hardware","roll","Reference history: stock in 99; stock out 16","83","29","14","208.33"
"Demo Store","Demo Item 0560","DEMO-0560","200000000560","other","pair","Reference history: stock in 20; stock out 8","12","10","5","208.70"
"Demo Store","Demo Item 0561","DEMO-0561","200000000561","grocery","dozen","Reference history: stock in 21; stock out 15","6","11","5","209.07"
"Demo Store","Demo Item 0562","DEMO-0562","200000000562","beverages","ea","Reference history: stock in 22; stock out 7","15","12","6","209.44"
"Demo Store","Demo Item 0563","DEMO-0563","200000000563","food_beverage","pc","Reference history: stock in 23; stock out 14","9","13","6","209.81"
"Demo Store","Demo Item 0564","DEMO-0564","200000000564","health_beauty","kg","Reference history: stock in 24; stock out 6","18","14","7","210.18"
"Demo Store","Demo Item 0565","DEMO-0565","200000000565","household","g","Reference history: stock in 25; stock out 13","12","15","7","210.55"
"Demo Store","Demo Item 0566","DEMO-0566","200000000566","apparel","lb","Reference history: stock in 26; stock out 5","21","16","8","210.92"
"Demo Store","Demo Item 0567","DEMO-0567","200000000567","accessories","oz","Reference history: stock in 27; stock out 12","15","17","8","211.29"
"Demo Store","Demo Item 0568","DEMO-0568","200000000568","electronics","L","Reference history: stock in 28; stock out 4","24","18","9","211.66"
"Demo Store","Demo Item 0569","DEMO-0569","200000000569","hardware","mL","Reference history: stock in 29; stock out 11","18","19","9","212.03"
"Demo Store","Demo Item 0570","DEMO-0570","200000000570","other","box","Reference history: stock in 30; stock out 3","27","20","10","212.40"
"Demo Store","Demo Item 0571","DEMO-0571","200000000571","grocery","pack","Reference history: stock in 31; stock out 10","21","21","10","212.77"
"Demo Store","Demo Item 0572","DEMO-0572","200000000572","beverages","case","Reference history: stock in 32; stock out 17","15","22","11","213.14"
"Demo Store","Demo Item 0573","DEMO-0573","200000000573","food_beverage","bottle","Reference history: stock in 33; stock out 9","24","23","11","213.51"
"Demo Store","Demo Item 0574","DEMO-0574","200000000574","health_beauty","can","Reference history: stock in 34; stock out 16","18","24","12","213.88"
"Demo Store","Demo Item 0575","DEMO-0575","200000000575","household","bag","Reference history: stock in 35; stock out 8","27","25","12","214.25"
"Demo Store","Demo Item 0576","DEMO-0576","200000000576","apparel","roll","Reference history: stock in 36; stock out 15","21","26","13","214.62"
"Demo Store","Demo Item 0577","DEMO-0577","200000000577","accessories","pair","Reference history: stock in 37; stock out 7","30","27","13","214.99"
"Demo Store","Demo Item 0578","DEMO-0578","200000000578","electronics","dozen","Reference history: stock in 38; stock out 14","24","28","14","215.36"
"Demo Store","Demo Item 0579","DEMO-0579","200000000579","hardware","ea","Reference history: stock in 39; stock out 6","33","29","14","215.73"
"Demo Store","Demo Item 0580","DEMO-0580","200000000580","other","pc","Reference history: stock in 40; stock out 13","27","10","5","216.10"
"Demo Store","Demo Item 0581","DEMO-0581","200000000581","grocery","kg","Reference history: stock in 41; stock out 5","36","11","5","216.47"
"Demo Store","Demo Item 0582","DEMO-0582","200000000582","beverages","g","Reference history: stock in 42; stock out 12","30","12","6","216.84"
"Demo Store","Demo Item 0583","DEMO-0583","200000000583","food_beverage","lb","Reference history: stock in 43; stock out 4","39","13","6","217.21"
"Demo Store","Demo Item 0584","DEMO-0584","200000000584","health_beauty","oz","Reference history: stock in 44; stock out 11","33","14","7","217.58"
"Demo Store","Demo Item 0585","DEMO-0585","200000000585","household","L","Reference history: stock in 45; stock out 3","42","15","7","217.95"
"Demo Store","Demo Item 0586","DEMO-0586","200000000586","apparel","mL","Reference history: stock in 46; stock out 10","36","16","8","218.32"
"Demo Store","Demo Item 0587","DEMO-0587","200000000587","accessories","box","Reference history: stock in 47; stock out 17","30","17","8","218.69"
"Demo Store","Demo Item 0588","DEMO-0588","200000000588","electronics","pack","Reference history: stock in 48; stock out 9","39","18","9","219.06"
"Demo Store","Demo Item 0589","DEMO-0589","200000000589","hardware","case","Reference history: stock in 49; stock out 16","33","19","9","219.43"
"Demo Store","Demo Item 0590","DEMO-0590","200000000590","other","bottle","Reference history: stock in 50; stock out 8","42","20","10","219.80"
"Demo Store","Demo Item 0591","DEMO-0591","200000000591","grocery","can","Reference history: stock in 51; stock out 15","36","21","10","220.17"
"Demo Store","Demo Item 0592","DEMO-0592","200000000592","beverages","bag","Reference history: stock in 52; stock out 7","45","22","11","220.54"
"Demo Store","Demo Item 0593","DEMO-0593","200000000593","food_beverage","roll","Reference history: stock in 53; stock out 14","39","23","11","220.91"
"Demo Store","Demo Item 0594","DEMO-0594","200000000594","health_beauty","pair","Reference history: stock in 54; stock out 6","48","24","12","221.28"
"Demo Store","Demo Item 0595","DEMO-0595","200000000595","household","dozen","Reference history: stock in 55; stock out 13","42","25","12","221.65"
"Demo Store","Demo Item 0596","DEMO-0596","200000000596","apparel","ea","Reference history: stock in 56; stock out 5","51","26","13","222.02"
"Demo Store","Demo Item 0597","DEMO-0597","200000000597","accessories","pc","Reference history: stock in 57; stock out 12","45","27","13","222.39"
"Demo Store","Demo Item 0598","DEMO-0598","200000000598","electronics","kg","Reference history: stock in 58; stock out 4","54","28","14","222.76"
"Demo Store","Demo Item 0599","DEMO-0599","200000000599","hardware","g","Reference history: stock in 59; stock out 11","48","29","14","223.13"
"Demo Store","Demo Item 0600","DEMO-0600","200000000600","other","lb","Reference history: stock in 60; stock out 3","57","10","5","223.50"
"Demo Store","Demo Item 0601","DEMO-0601","200000000601","grocery","oz","Reference history: stock in 61; stock out 10","51","11","5","223.87"
"Demo Store","Demo Item 0602","DEMO-0602","200000000602","beverages","L","Reference history: stock in 62; stock out 17","45","12","6","224.24"
"Demo Store","Demo Item 0603","DEMO-0603","200000000603","food_beverage","mL","Reference history: stock in 63; stock out 9","54","13","6","224.61"
"Demo Store","Demo Item 0604","DEMO-0604","200000000604","health_beauty","box","Reference history: stock in 64; stock out 16","48","14","7","224.98"
"Demo Store","Demo Item 0605","DEMO-0605","200000000605","household","pack","Reference history: stock in 65; stock out 8","57","15","7","225.35"
"Demo Store","Demo Item 0606","DEMO-0606","200000000606","apparel","case","Reference history: stock in 66; stock out 15","51","16","8","225.72"
"Demo Store","Demo Item 0607","DEMO-0607","200000000607","accessories","bottle","Reference history: stock in 67; stock out 7","60","17","8","226.09"
"Demo Store","Demo Item 0608","DEMO-0608","200000000608","electronics","can","Reference history: stock in 68; stock out 14","54","18","9","226.46"
"Demo Store","Demo Item 0609","DEMO-0609","200000000609","hardware","bag","Reference history: stock in 69; stock out 6","63","19","9","226.83"
"Demo Store","Demo Item 0610","DEMO-0610","200000000610","other","roll","Reference history: stock in 70; stock out 13","57","20","10","227.20"
"Demo Store","Demo Item 0611","DEMO-0611","200000000611","grocery","pair","Reference history: stock in 71; stock out 5","66","21","10","227.57"
"Demo Store","Demo Item 0612","DEMO-0612","200000000612","beverages","dozen","Reference history: stock in 72; stock out 12","60","22","11","227.94"
"Demo Store","Demo Item 0613","DEMO-0613","200000000613","food_beverage","ea","Reference history: stock in 73; stock out 4","69","23","11","228.31"
"Demo Store","Demo Item 0614","DEMO-0614","200000000614","health_beauty","pc","Reference history: stock in 74; stock out 11","63","24","12","228.68"
"Demo Store","Demo Item 0615","DEMO-0615","200000000615","household","kg","Reference history: stock in 75; stock out 3","72","25","12","229.05"
"Demo Store","Demo Item 0616","DEMO-0616","200000000616","apparel","g","Reference history: stock in 76; stock out 10","66","26","13","229.42"
"Demo Store","Demo Item 0617","DEMO-0617","200000000617","accessories","lb","Reference history: stock in 77; stock out 17","60","27","13","229.79"
"Demo Store","Demo Item 0618","DEMO-0618","200000000618","electronics","oz","Reference history: stock in 78; stock out 9","69","28","14","230.16"
"Demo Store","Demo Item 0619","DEMO-0619","200000000619","hardware","L","Reference history: stock in 79; stock out 16","63","29","14","230.53"
"Demo Store","Demo Item 0620","DEMO-0620","200000000620","other","mL","Reference history: stock in 80; stock out 8","72","10","5","230.90"
"Demo Store","Demo Item 0621","DEMO-0621","200000000621","grocery","box","Reference history: stock in 81; stock out 15","66","11","5","231.27"
"Demo Store","Demo Item 0622","DEMO-0622","200000000622","beverages","pack","Reference history: stock in 82; stock out 7","75","12","6","231.64"
"Demo Store","Demo Item 0623","DEMO-0623","200000000623","food_beverage","case","Reference history: stock in 83; stock out 14","69","13","6","232.01"
"Demo Store","Demo Item 0624","DEMO-0624","200000000624","health_beauty","bottle","Reference history: stock in 84; stock out 6","78","14","7","232.38"
"Demo Store","Demo Item 0625","DEMO-0625","200000000625","household","can","Reference history: stock in 85; stock out 13","72","15","7","232.75"
"Demo Store","Demo Item 0626","DEMO-0626","200000000626","apparel","bag","Reference history: stock in 86; stock out 5","81","16","8","233.12"
"Demo Store","Demo Item 0627","DEMO-0627","200000000627","accessories","roll","Reference history: stock in 87; stock out 12","75","17","8","233.49"
"Demo Store","Demo Item 0628","DEMO-0628","200000000628","electronics","pair","Reference history: stock in 88; stock out 4","84","18","9","233.86"
"Demo Store","Demo Item 0629","DEMO-0629","200000000629","hardware","dozen","Reference history: stock in 89; stock out 11","78","19","9","234.23"
"Demo Store","Demo Item 0630","DEMO-0630","200000000630","other","ea","Reference history: stock in 90; stock out 3","87","20","10","234.60"
"Demo Store","Demo Item 0631","DEMO-0631","200000000631","grocery","pc","Reference history: stock in 91; stock out 10","81","21","10","234.97"
"Demo Store","Demo Item 0632","DEMO-0632","200000000632","beverages","kg","Reference history: stock in 92; stock out 17","75","22","11","235.34"
"Demo Store","Demo Item 0633","DEMO-0633","200000000633","food_beverage","g","Reference history: stock in 93; stock out 9","84","23","11","235.71"
"Demo Store","Demo Item 0634","DEMO-0634","200000000634","health_beauty","lb","Reference history: stock in 94; stock out 16","78","24","12","236.08"
"Demo Store","Demo Item 0635","DEMO-0635","200000000635","household","oz","Reference history: stock in 95; stock out 8","87","25","12","236.45"
"Demo Store","Demo Item 0636","DEMO-0636","200000000636","apparel","L","Reference history: stock in 96; stock out 15","81","26","13","236.82"
"Demo Store","Demo Item 0637","DEMO-0637","200000000637","accessories","mL","Reference history: stock in 97; stock out 7","90","27","13","237.19"
"Demo Store","Demo Item 0638","DEMO-0638","200000000638","electronics","box","Reference history: stock in 98; stock out 14","84","28","14","237.56"
"Demo Store","Demo Item 0639","DEMO-0639","200000000639","hardware","pack","Reference history: stock in 99; stock out 6","93","29","14","237.93"
"Demo Store","Demo Item 0640","DEMO-0640","200000000640","other","case","Reference history: stock in 20; stock out 13","7","10","5","238.30"
"Demo Store","Demo Item 0641","DEMO-0641","200000000641","grocery","bottle","Reference history: stock in 21; stock out 5","16","11","5","238.67"
"Demo Store","Demo Item 0642","DEMO-0642","200000000642","beverages","can","Reference history: stock in 22; stock out 12","10","12","6","239.04"
"Demo Store","Demo Item 0643","DEMO-0643","200000000643","food_beverage","bag","Reference history: stock in 23; stock out 4","19","13","6","239.41"
"Demo Store","Demo Item 0644","DEMO-0644","200000000644","health_beauty","roll","Reference history: stock in 24; stock out 11","13","14","7","239.78"
"Demo Store","Demo Item 0645","DEMO-0645","200000000645","household","pair","Reference history: stock in 25; stock out 3","22","15","7","240.15"
"Demo Store","Demo Item 0646","DEMO-0646","200000000646","apparel","dozen","Reference history: stock in 26; stock out 10","16","16","8","240.52"
"Demo Store","Demo Item 0647","DEMO-0647","200000000647","accessories","ea","Reference history: stock in 27; stock out 17","10","17","8","240.89"
"Demo Store","Demo Item 0648","DEMO-0648","200000000648","electronics","pc","Reference history: stock in 28; stock out 9","19","18","9","241.26"
"Demo Store","Demo Item 0649","DEMO-0649","200000000649","hardware","kg","Reference history: stock in 29; stock out 16","13","19","9","241.63"
"Demo Store","Demo Item 0650","DEMO-0650","200000000650","other","g","Reference history: stock in 30; stock out 8","22","20","10","242.00"
"Demo Store","Demo Item 0651","DEMO-0651","200000000651","grocery","lb","Reference history: stock in 31; stock out 15","16","21","10","242.37"
"Demo Store","Demo Item 0652","DEMO-0652","200000000652","beverages","oz","Reference history: stock in 32; stock out 7","25","22","11","242.74"
"Demo Store","Demo Item 0653","DEMO-0653","200000000653","food_beverage","L","Reference history: stock in 33; stock out 14","19","23","11","243.11"
"Demo Store","Demo Item 0654","DEMO-0654","200000000654","health_beauty","mL","Reference history: stock in 34; stock out 6","28","24","12","243.48"
"Demo Store","Demo Item 0655","DEMO-0655","200000000655","household","box","Reference history: stock in 35; stock out 13","22","25","12","243.85"
"Demo Store","Demo Item 0656","DEMO-0656","200000000656","apparel","pack","Reference history: stock in 36; stock out 5","31","26","13","244.22"
"Demo Store","Demo Item 0657","DEMO-0657","200000000657","accessories","case","Reference history: stock in 37; stock out 12","25","27","13","244.59"
"Demo Store","Demo Item 0658","DEMO-0658","200000000658","electronics","bottle","Reference history: stock in 38; stock out 4","34","28","14","244.96"
"Demo Store","Demo Item 0659","DEMO-0659","200000000659","hardware","can","Reference history: stock in 39; stock out 11","28","29","14","245.33"
"Demo Store","Demo Item 0660","DEMO-0660","200000000660","other","bag","Reference history: stock in 40; stock out 3","37","10","5","245.70"
"Demo Store","Demo Item 0661","DEMO-0661","200000000661","grocery","roll","Reference history: stock in 41; stock out 10","31","11","5","246.07"
"Demo Store","Demo Item 0662","DEMO-0662","200000000662","beverages","pair","Reference history: stock in 42; stock out 17","25","12","6","246.44"
"Demo Store","Demo Item 0663","DEMO-0663","200000000663","food_beverage","dozen","Reference history: stock in 43; stock out 9","34","13","6","246.81"
"Demo Store","Demo Item 0664","DEMO-0664","200000000664","health_beauty","ea","Reference history: stock in 44; stock out 16","28","14","7","247.18"
"Demo Store","Demo Item 0665","DEMO-0665","200000000665","household","pc","Reference history: stock in 45; stock out 8","37","15","7","247.55"
"Demo Store","Demo Item 0666","DEMO-0666","200000000666","apparel","kg","Reference history: stock in 46; stock out 15","31","16","8","247.92"
"Demo Store","Demo Item 0667","DEMO-0667","200000000667","accessories","g","Reference history: stock in 47; stock out 7","40","17","8","248.29"
"Demo Store","Demo Item 0668","DEMO-0668","200000000668","electronics","lb","Reference history: stock in 48; stock out 14","34","18","9","248.66"
"Demo Store","Demo Item 0669","DEMO-0669","200000000669","hardware","oz","Reference history: stock in 49; stock out 6","43","19","9","249.03"
"Demo Store","Demo Item 0670","DEMO-0670","200000000670","other","L","Reference history: stock in 50; stock out 13","37","20","10","249.40"
"Demo Store","Demo Item 0671","DEMO-0671","200000000671","grocery","mL","Reference history: stock in 51; stock out 5","46","21","10","249.77"
"Demo Store","Demo Item 0672","DEMO-0672","200000000672","beverages","box","Reference history: stock in 52; stock out 12","40","22","11","250.14"
"Demo Store","Demo Item 0673","DEMO-0673","200000000673","food_beverage","pack","Reference history: stock in 53; stock out 4","49","23","11","250.51"
"Demo Store","Demo Item 0674","DEMO-0674","200000000674","health_beauty","case","Reference history: stock in 54; stock out 11","43","24","12","250.88"
"Demo Store","Demo Item 0675","DEMO-0675","200000000675","household","bottle","Reference history: stock in 55; stock out 3","52","25","12","251.25"
"Demo Store","Demo Item 0676","DEMO-0676","200000000676","apparel","can","Reference history: stock in 56; stock out 10","46","26","13","1.62"
"Demo Store","Demo Item 0677","DEMO-0677","200000000677","accessories","bag","Reference history: stock in 57; stock out 17","40","27","13","1.99"
"Demo Store","Demo Item 0678","DEMO-0678","200000000678","electronics","roll","Reference history: stock in 58; stock out 9","49","28","14","2.36"
"Demo Store","Demo Item 0679","DEMO-0679","200000000679","hardware","pair","Reference history: stock in 59; stock out 16","43","29","14","2.73"
"Demo Store","Demo Item 0680","DEMO-0680","200000000680","other","dozen","Reference history: stock in 60; stock out 8","52","10","5","3.10"
"Demo Store","Demo Item 0681","DEMO-0681","200000000681","grocery","ea","Reference history: stock in 61; stock out 15","46","11","5","3.47"
"Demo Store","Demo Item 0682","DEMO-0682","200000000682","beverages","pc","Reference history: stock in 62; stock out 7","55","12","6","3.84"
"Demo Store","Demo Item 0683","DEMO-0683","200000000683","food_beverage","kg","Reference history: stock in 63; stock out 14","49","13","6","4.21"
"Demo Store","Demo Item 0684","DEMO-0684","200000000684","health_beauty","g","Reference history: stock in 64; stock out 6","58","14","7","4.58"
"Demo Store","Demo Item 0685","DEMO-0685","200000000685","household","lb","Reference history: stock in 65; stock out 13","52","15","7","4.95"
"Demo Store","Demo Item 0686","DEMO-0686","200000000686","apparel","oz","Reference history: stock in 66; stock out 5","61","16","8","5.32"
"Demo Store","Demo Item 0687","DEMO-0687","200000000687","accessories","L","Reference history: stock in 67; stock out 12","55","17","8","5.69"
"Demo Store","Demo Item 0688","DEMO-0688","200000000688","electronics","mL","Reference history: stock in 68; stock out 4","64","18","9","6.06"
"Demo Store","Demo Item 0689","DEMO-0689","200000000689","hardware","box","Reference history: stock in 69; stock out 11","58","19","9","6.43"
"Demo Store","Demo Item 0690","DEMO-0690","200000000690","other","pack","Reference history: stock in 70; stock out 3","67","20","10","6.80"
"Demo Store","Demo Item 0691","DEMO-0691","200000000691","grocery","case","Reference history: stock in 71; stock out 10","61","21","10","7.17"
"Demo Store","Demo Item 0692","DEMO-0692","200000000692","beverages","bottle","Reference history: stock in 72; stock out 17","55","22","11","7.54"
"Demo Store","Demo Item 0693","DEMO-0693","200000000693","food_beverage","can","Reference history: stock in 73; stock out 9","64","23","11","7.91"
"Demo Store","Demo Item 0694","DEMO-0694","200000000694","health_beauty","bag","Reference history: stock in 74; stock out 16","58","24","12","8.28"
"Demo Store","Demo Item 0695","DEMO-0695","200000000695","household","roll","Reference history: stock in 75; stock out 8","67","25","12","8.65"
"Demo Store","Demo Item 0696","DEMO-0696","200000000696","apparel","pair","Reference history: stock in 76; stock out 15","61","26","13","9.02"
"Demo Store","Demo Item 0697","DEMO-0697","200000000697","accessories","dozen","Reference history: stock in 77; stock out 7","70","27","13","9.39"
"Demo Store","Demo Item 0698","DEMO-0698","200000000698","electronics","ea","Reference history: stock in 78; stock out 14","64","28","14","9.76"
"Demo Store","Demo Item 0699","DEMO-0699","200000000699","hardware","pc","Reference history: stock in 79; stock out 6","73","29","14","10.13"
"Demo Store","Demo Item 0700","DEMO-0700","200000000700","other","kg","Reference history: stock in 80; stock out 13","67","10","5","10.50"
"Demo Store","Demo Item 0701","DEMO-0701","200000000701","grocery","g","Reference history: stock in 81; stock out 5","76","11","5","10.87"
"Demo Store","Demo Item 0702","DEMO-0702","200000000702","beverages","lb","Reference history: stock in 82; stock out 12","70","12","6","11.24"
"Demo Store","Demo Item 0703","DEMO-0703","200000000703","food_beverage","oz","Reference history: stock in 83; stock out 4","79","13","6","11.61"
"Demo Store","Demo Item 0704","DEMO-0704","200000000704","health_beauty","L","Reference history: stock in 84; stock out 11","73","14","7","11.98"
"Demo Store","Demo Item 0705","DEMO-0705","200000000705","household","mL","Reference history: stock in 85; stock out 3","82","15","7","12.35"
"Demo Store","Demo Item 0706","DEMO-0706","200000000706","apparel","box","Reference history: stock in 86; stock out 10","76","16","8","12.72"
"Demo Store","Demo Item 0707","DEMO-0707","200000000707","accessories","pack","Reference history: stock in 87; stock out 17","70","17","8","13.09"
"Demo Store","Demo Item 0708","DEMO-0708","200000000708","electronics","case","Reference history: stock in 88; stock out 9","79","18","9","13.46"
"Demo Store","Demo Item 0709","DEMO-0709","200000000709","hardware","bottle","Reference history: stock in 89; stock out 16","73","19","9","13.83"
"Demo Store","Demo Item 0710","DEMO-0710","200000000710","other","can","Reference history: stock in 90; stock out 8","82","20","10","14.20"
"Demo Store","Demo Item 0711","DEMO-0711","200000000711","grocery","bag","Reference history: stock in 91; stock out 15","76","21","10","14.57"
"Demo Store","Demo Item 0712","DEMO-0712","200000000712","beverages","roll","Reference history: stock in 92; stock out 7","85","22","11","14.94"
"Demo Store","Demo Item 0713","DEMO-0713","200000000713","food_beverage","pair","Reference history: stock in 93; stock out 14","79","23","11","15.31"
"Demo Store","Demo Item 0714","DEMO-0714","200000000714","health_beauty","dozen","Reference history: stock in 94; stock out 6","88","24","12","15.68"
"Demo Store","Demo Item 0715","DEMO-0715","200000000715","household","ea","Reference history: stock in 95; stock out 13","82","25","12","16.05"
"Demo Store","Demo Item 0716","DEMO-0716","200000000716","apparel","pc","Reference history: stock in 96; stock out 5","91","26","13","16.42"
"Demo Store","Demo Item 0717","DEMO-0717","200000000717","accessories","kg","Reference history: stock in 97; stock out 12","85","27","13","16.79"
"Demo Store","Demo Item 0718","DEMO-0718","200000000718","electronics","g","Reference history: stock in 98; stock out 4","94","28","14","17.16"
"Demo Store","Demo Item 0719","DEMO-0719","200000000719","hardware","lb","Reference history: stock in 99; stock out 11","88","29","14","17.53"
"Demo Store","Demo Item 0720","DEMO-0720","200000000720","other","oz","Reference history: stock in 20; stock out 3","17","10","5","17.90"
"Demo Store","Demo Item 0721","DEMO-0721","200000000721","grocery","L","Reference history: stock in 21; stock out 10","11","11","5","18.27"
"Demo Store","Demo Item 0722","DEMO-0722","200000000722","beverages","mL","Reference history: stock in 22; stock out 17","5","12","6","18.64"
"Demo Store","Demo Item 0723","DEMO-0723","200000000723","food_beverage","box","Reference history: stock in 23; stock out 9","14","13","6","19.01"
"Demo Store","Demo Item 0724","DEMO-0724","200000000724","health_beauty","pack","Reference history: stock in 24; stock out 16","8","14","7","19.38"
"Demo Store","Demo Item 0725","DEMO-0725","200000000725","household","case","Reference history: stock in 25; stock out 8","17","15","7","19.75"
"Demo Store","Demo Item 0726","DEMO-0726","200000000726","apparel","bottle","Reference history: stock in 26; stock out 15","11","16","8","20.12"
"Demo Store","Demo Item 0727","DEMO-0727","200000000727","accessories","can","Reference history: stock in 27; stock out 7","20","17","8","20.49"
"Demo Store","Demo Item 0728","DEMO-0728","200000000728","electronics","bag","Reference history: stock in 28; stock out 14","14","18","9","20.86"
"Demo Store","Demo Item 0729","DEMO-0729","200000000729","hardware","roll","Reference history: stock in 29; stock out 6","23","19","9","21.23"
"Demo Store","Demo Item 0730","DEMO-0730","200000000730","other","pair","Reference history: stock in 30; stock out 13","17","20","10","21.60"
"Demo Store","Demo Item 0731","DEMO-0731","200000000731","grocery","dozen","Reference history: stock in 31; stock out 5","26","21","10","21.97"
"Demo Store","Demo Item 0732","DEMO-0732","200000000732","beverages","ea","Reference history: stock in 32; stock out 12","20","22","11","22.34"
"Demo Store","Demo Item 0733","DEMO-0733","200000000733","food_beverage","pc","Reference history: stock in 33; stock out 4","29","23","11","22.71"
"Demo Store","Demo Item 0734","DEMO-0734","200000000734","health_beauty","kg","Reference history: stock in 34; stock out 11","23","24","12","23.08"
"Demo Store","Demo Item 0735","DEMO-0735","200000000735","household","g","Reference history: stock in 35; stock out 3","32","25","12","23.45"
"Demo Store","Demo Item 0736","DEMO-0736","200000000736","apparel","lb","Reference history: stock in 36; stock out 10","26","26","13","23.82"
"Demo Store","Demo Item 0737","DEMO-0737","200000000737","accessories","oz","Reference history: stock in 37; stock out 17","20","27","13","24.19"
"Demo Store","Demo Item 0738","DEMO-0738","200000000738","electronics","L","Reference history: stock in 38; stock out 9","29","28","14","24.56"
"Demo Store","Demo Item 0739","DEMO-0739","200000000739","hardware","mL","Reference history: stock in 39; stock out 16","23","29","14","24.93"
"Demo Store","Demo Item 0740","DEMO-0740","200000000740","other","box","Reference history: stock in 40; stock out 8","32","10","5","25.30"
"Demo Store","Demo Item 0741","DEMO-0741","200000000741","grocery","pack","Reference history: stock in 41; stock out 15","26","11","5","25.67"
"Demo Store","Demo Item 0742","DEMO-0742","200000000742","beverages","case","Reference history: stock in 42; stock out 7","35","12","6","26.04"
"Demo Store","Demo Item 0743","DEMO-0743","200000000743","food_beverage","bottle","Reference history: stock in 43; stock out 14","29","13","6","26.41"
"Demo Store","Demo Item 0744","DEMO-0744","200000000744","health_beauty","can","Reference history: stock in 44; stock out 6","38","14","7","26.78"
"Demo Store","Demo Item 0745","DEMO-0745","200000000745","household","bag","Reference history: stock in 45; stock out 13","32","15","7","27.15"
"Demo Store","Demo Item 0746","DEMO-0746","200000000746","apparel","roll","Reference history: stock in 46; stock out 5","41","16","8","27.52"
"Demo Store","Demo Item 0747","DEMO-0747","200000000747","accessories","pair","Reference history: stock in 47; stock out 12","35","17","8","27.89"
"Demo Store","Demo Item 0748","DEMO-0748","200000000748","electronics","dozen","Reference history: stock in 48; stock out 4","44","18","9","28.26"
"Demo Store","Demo Item 0749","DEMO-0749","200000000749","hardware","ea","Reference history: stock in 49; stock out 11","38","19","9","28.63"
"Demo Store","Demo Item 0750","DEMO-0750","200000000750","other","pc","Reference history: stock in 50; stock out 3","47","20","10","29.00"
"Demo Store","Demo Item 0751","DEMO-0751","200000000751","grocery","kg","Reference history: stock in 51; stock out 10","41","21","10","29.37"
"Demo Store","Demo Item 0752","DEMO-0752","200000000752","beverages","g","Reference history: stock in 52; stock out 17","35","22","11","29.74"
"Demo Store","Demo Item 0753","DEMO-0753","200000000753","food_beverage","lb","Reference history: stock in 53; stock out 9","44","23","11","30.11"
"Demo Store","Demo Item 0754","DEMO-0754","200000000754","health_beauty","oz","Reference history: stock in 54; stock out 16","38","24","12","30.48"
"Demo Store","Demo Item 0755","DEMO-0755","200000000755","household","L","Reference history: stock in 55; stock out 8","47","25","12","30.85"
"Demo Store","Demo Item 0756","DEMO-0756","200000000756","apparel","mL","Reference history: stock in 56; stock out 15","41","26","13","31.22"
"Demo Store","Demo Item 0757","DEMO-0757","200000000757","accessories","box","Reference history: stock in 57; stock out 7","50","27","13","31.59"
"Demo Store","Demo Item 0758","DEMO-0758","200000000758","electronics","pack","Reference history: stock in 58; stock out 14","44","28","14","31.96"
"Demo Store","Demo Item 0759","DEMO-0759","200000000759","hardware","case","Reference history: stock in 59; stock out 6","53","29","14","32.33"
"Demo Store","Demo Item 0760","DEMO-0760","200000000760","other","bottle","Reference history: stock in 60; stock out 13","47","10","5","32.70"
"Demo Store","Demo Item 0761","DEMO-0761","200000000761","grocery","can","Reference history: stock in 61; stock out 5","56","11","5","33.07"
"Demo Store","Demo Item 0762","DEMO-0762","200000000762","beverages","bag","Reference history: stock in 62; stock out 12","50","12","6","33.44"
"Demo Store","Demo Item 0763","DEMO-0763","200000000763","food_beverage","roll","Reference history: stock in 63; stock out 4","59","13","6","33.81"
"Demo Store","Demo Item 0764","DEMO-0764","200000000764","health_beauty","pair","Reference history: stock in 64; stock out 11","53","14","7","34.18"
"Demo Store","Demo Item 0765","DEMO-0765","200000000765","household","dozen","Reference history: stock in 65; stock out 3","62","15","7","34.55"
"Demo Store","Demo Item 0766","DEMO-0766","200000000766","apparel","ea","Reference history: stock in 66; stock out 10","56","16","8","34.92"
"Demo Store","Demo Item 0767","DEMO-0767","200000000767","accessories","pc","Reference history: stock in 67; stock out 17","50","17","8","35.29"
"Demo Store","Demo Item 0768","DEMO-0768","200000000768","electronics","kg","Reference history: stock in 68; stock out 9","59","18","9","35.66"
"Demo Store","Demo Item 0769","DEMO-0769","200000000769","hardware","g","Reference history: stock in 69; stock out 16","53","19","9","36.03"
"Demo Store","Demo Item 0770","DEMO-0770","200000000770","other","lb","Reference history: stock in 70; stock out 8","62","20","10","36.40"
"Demo Store","Demo Item 0771","DEMO-0771","200000000771","grocery","oz","Reference history: stock in 71; stock out 15","56","21","10","36.77"
"Demo Store","Demo Item 0772","DEMO-0772","200000000772","beverages","L","Reference history: stock in 72; stock out 7","65","22","11","37.14"
"Demo Store","Demo Item 0773","DEMO-0773","200000000773","food_beverage","mL","Reference history: stock in 73; stock out 14","59","23","11","37.51"
"Demo Store","Demo Item 0774","DEMO-0774","200000000774","health_beauty","box","Reference history: stock in 74; stock out 6","68","24","12","37.88"
"Demo Store","Demo Item 0775","DEMO-0775","200000000775","household","pack","Reference history: stock in 75; stock out 13","62","25","12","38.25"
"Demo Store","Demo Item 0776","DEMO-0776","200000000776","apparel","case","Reference history: stock in 76; stock out 5","71","26","13","38.62"
"Demo Store","Demo Item 0777","DEMO-0777","200000000777","accessories","bottle","Reference history: stock in 77; stock out 12","65","27","13","38.99"
"Demo Store","Demo Item 0778","DEMO-0778","200000000778","electronics","can","Reference history: stock in 78; stock out 4","74","28","14","39.36"
"Demo Store","Demo Item 0779","DEMO-0779","200000000779","hardware","bag","Reference history: stock in 79; stock out 11","68","29","14","39.73"
"Demo Store","Demo Item 0780","DEMO-0780","200000000780","other","roll","Reference history: stock in 80; stock out 3","77","10","5","40.10"
"Demo Store","Demo Item 0781","DEMO-0781","200000000781","grocery","pair","Reference history: stock in 81; stock out 10","71","11","5","40.47"
"Demo Store","Demo Item 0782","DEMO-0782","200000000782","beverages","dozen","Reference history: stock in 82; stock out 17","65","12","6","40.84"
"Demo Store","Demo Item 0783","DEMO-0783","200000000783","food_beverage","ea","Reference history: stock in 83; stock out 9","74","13","6","41.21"
"Demo Store","Demo Item 0784","DEMO-0784","200000000784","health_beauty","pc","Reference history: stock in 84; stock out 16","68","14","7","41.58"
"Demo Store","Demo Item 0785","DEMO-0785","200000000785","household","kg","Reference history: stock in 85; stock out 8","77","15","7","41.95"
"Demo Store","Demo Item 0786","DEMO-0786","200000000786","apparel","g","Reference history: stock in 86; stock out 15","71","16","8","42.32"
"Demo Store","Demo Item 0787","DEMO-0787","200000000787","accessories","lb","Reference history: stock in 87; stock out 7","80","17","8","42.69"
"Demo Store","Demo Item 0788","DEMO-0788","200000000788","electronics","oz","Reference history: stock in 88; stock out 14","74","18","9","43.06"
"Demo Store","Demo Item 0789","DEMO-0789","200000000789","hardware","L","Reference history: stock in 89; stock out 6","83","19","9","43.43"
"Demo Store","Demo Item 0790","DEMO-0790","200000000790","other","mL","Reference history: stock in 90; stock out 13","77","20","10","43.80"
"Demo Store","Demo Item 0791","DEMO-0791","200000000791","grocery","box","Reference history: stock in 91; stock out 5","86","21","10","44.17"
"Demo Store","Demo Item 0792","DEMO-0792","200000000792","beverages","pack","Reference history: stock in 92; stock out 12","80","22","11","44.54"
"Demo Store","Demo Item 0793","DEMO-0793","200000000793","food_beverage","case","Reference history: stock in 93; stock out 4","89","23","11","44.91"
"Demo Store","Demo Item 0794","DEMO-0794","200000000794","health_beauty","bottle","Reference history: stock in 94; stock out 11","83","24","12","45.28"
"Demo Store","Demo Item 0795","DEMO-0795","200000000795","household","can","Reference history: stock in 95; stock out 3","92","25","12","45.65"
"Demo Store","Demo Item 0796","DEMO-0796","200000000796","apparel","bag","Reference history: stock in 96; stock out 10","86","26","13","46.02"
"Demo Store","Demo Item 0797","DEMO-0797","200000000797","accessories","roll","Reference history: stock in 97; stock out 17","80","27","13","46.39"
"Demo Store","Demo Item 0798","DEMO-0798","200000000798","electronics","pair","Reference history: stock in 98; stock out 9","89","28","14","46.76"
"Demo Store","Demo Item 0799","DEMO-0799","200000000799","hardware","dozen","Reference history: stock in 99; stock out 16","83","29","14","47.13"
"Demo Store","Demo Item 0800","DEMO-0800","200000000800","other","ea","Reference history: stock in 20; stock out 8","12","10","5","47.50"
"Demo Store","Demo Item 0801","DEMO-0801","200000000801","grocery","pc","Reference history: stock in 21; stock out 15","6","11","5","47.87"
"Demo Store","Demo Item 0802","DEMO-0802","200000000802","beverages","kg","Reference history: stock in 22; stock out 7","15","12","6","48.24"
"Demo Store","Demo Item 0803","DEMO-0803","200000000803","food_beverage","g","Reference history: stock in 23; stock out 14","9","13","6","48.61"
"Demo Store","Demo Item 0804","DEMO-0804","200000000804","health_beauty","lb","Reference history: stock in 24; stock out 6","18","14","7","48.98"
"Demo Store","Demo Item 0805","DEMO-0805","200000000805","household","oz","Reference history: stock in 25; stock out 13","12","15","7","49.35"
"Demo Store","Demo Item 0806","DEMO-0806","200000000806","apparel","L","Reference history: stock in 26; stock out 5","21","16","8","49.72"
"Demo Store","Demo Item 0807","DEMO-0807","200000000807","accessories","mL","Reference history: stock in 27; stock out 12","15","17","8","50.09"
"Demo Store","Demo Item 0808","DEMO-0808","200000000808","electronics","box","Reference history: stock in 28; stock out 4","24","18","9","50.46"
"Demo Store","Demo Item 0809","DEMO-0809","200000000809","hardware","pack","Reference history: stock in 29; stock out 11","18","19","9","50.83"
"Demo Store","Demo Item 0810","DEMO-0810","200000000810","other","case","Reference history: stock in 30; stock out 3","27","20","10","51.20"
"Demo Store","Demo Item 0811","DEMO-0811","200000000811","grocery","bottle","Reference history: stock in 31; stock out 10","21","21","10","51.57"
"Demo Store","Demo Item 0812","DEMO-0812","200000000812","beverages","can","Reference history: stock in 32; stock out 17","15","22","11","51.94"
"Demo Store","Demo Item 0813","DEMO-0813","200000000813","food_beverage","bag","Reference history: stock in 33; stock out 9","24","23","11","52.31"
"Demo Store","Demo Item 0814","DEMO-0814","200000000814","health_beauty","roll","Reference history: stock in 34; stock out 16","18","24","12","52.68"
"Demo Store","Demo Item 0815","DEMO-0815","200000000815","household","pair","Reference history: stock in 35; stock out 8","27","25","12","53.05"
"Demo Store","Demo Item 0816","DEMO-0816","200000000816","apparel","dozen","Reference history: stock in 36; stock out 15","21","26","13","53.42"
"Demo Store","Demo Item 0817","DEMO-0817","200000000817","accessories","ea","Reference history: stock in 37; stock out 7","30","27","13","53.79"
"Demo Store","Demo Item 0818","DEMO-0818","200000000818","electronics","pc","Reference history: stock in 38; stock out 14","24","28","14","54.16"
"Demo Store","Demo Item 0819","DEMO-0819","200000000819","hardware","kg","Reference history: stock in 39; stock out 6","33","29","14","54.53"
"Demo Store","Demo Item 0820","DEMO-0820","200000000820","other","g","Reference history: stock in 40; stock out 13","27","10","5","54.90"
"Demo Store","Demo Item 0821","DEMO-0821","200000000821","grocery","lb","Reference history: stock in 41; stock out 5","36","11","5","55.27"
"Demo Store","Demo Item 0822","DEMO-0822","200000000822","beverages","oz","Reference history: stock in 42; stock out 12","30","12","6","55.64"
"Demo Store","Demo Item 0823","DEMO-0823","200000000823","food_beverage","L","Reference history: stock in 43; stock out 4","39","13","6","56.01"
"Demo Store","Demo Item 0824","DEMO-0824","200000000824","health_beauty","mL","Reference history: stock in 44; stock out 11","33","14","7","56.38"
"Demo Store","Demo Item 0825","DEMO-0825","200000000825","household","box","Reference history: stock in 45; stock out 3","42","15","7","56.75"
"Demo Store","Demo Item 0826","DEMO-0826","200000000826","apparel","pack","Reference history: stock in 46; stock out 10","36","16","8","57.12"
"Demo Store","Demo Item 0827","DEMO-0827","200000000827","accessories","case","Reference history: stock in 47; stock out 17","30","17","8","57.49"
"Demo Store","Demo Item 0828","DEMO-0828","200000000828","electronics","bottle","Reference history: stock in 48; stock out 9","39","18","9","57.86"
"Demo Store","Demo Item 0829","DEMO-0829","200000000829","hardware","can","Reference history: stock in 49; stock out 16","33","19","9","58.23"
"Demo Store","Demo Item 0830","DEMO-0830","200000000830","other","bag","Reference history: stock in 50; stock out 8","42","20","10","58.60"
"Demo Store","Demo Item 0831","DEMO-0831","200000000831","grocery","roll","Reference history: stock in 51; stock out 15","36","21","10","58.97"
"Demo Store","Demo Item 0832","DEMO-0832","200000000832","beverages","pair","Reference history: stock in 52; stock out 7","45","22","11","59.34"
"Demo Store","Demo Item 0833","DEMO-0833","200000000833","food_beverage","dozen","Reference history: stock in 53; stock out 14","39","23","11","59.71"
"Demo Store","Demo Item 0834","DEMO-0834","200000000834","health_beauty","ea","Reference history: stock in 54; stock out 6","48","24","12","60.08"
"Demo Store","Demo Item 0835","DEMO-0835","200000000835","household","pc","Reference history: stock in 55; stock out 13","42","25","12","60.45"
"Demo Store","Demo Item 0836","DEMO-0836","200000000836","apparel","kg","Reference history: stock in 56; stock out 5","51","26","13","60.82"
"Demo Store","Demo Item 0837","DEMO-0837","200000000837","accessories","g","Reference history: stock in 57; stock out 12","45","27","13","61.19"
"Demo Store","Demo Item 0838","DEMO-0838","200000000838","electronics","lb","Reference history: stock in 58; stock out 4","54","28","14","61.56"
"Demo Store","Demo Item 0839","DEMO-0839","200000000839","hardware","oz","Reference history: stock in 59; stock out 11","48","29","14","61.93"
"Demo Store","Demo Item 0840","DEMO-0840","200000000840","other","L","Reference history: stock in 60; stock out 3","57","10","5","62.30"
"Demo Store","Demo Item 0841","DEMO-0841","200000000841","grocery","mL","Reference history: stock in 61; stock out 10","51","11","5","62.67"
"Demo Store","Demo Item 0842","DEMO-0842","200000000842","beverages","box","Reference history: stock in 62; stock out 17","45","12","6","63.04"
"Demo Store","Demo Item 0843","DEMO-0843","200000000843","food_beverage","pack","Reference history: stock in 63; stock out 9","54","13","6","63.41"
"Demo Store","Demo Item 0844","DEMO-0844","200000000844","health_beauty","case","Reference history: stock in 64; stock out 16","48","14","7","63.78"
"Demo Store","Demo Item 0845","DEMO-0845","200000000845","household","bottle","Reference history: stock in 65; stock out 8","57","15","7","64.15"
"Demo Store","Demo Item 0846","DEMO-0846","200000000846","apparel","can","Reference history: stock in 66; stock out 15","51","16","8","64.52"
"Demo Store","Demo Item 0847","DEMO-0847","200000000847","accessories","bag","Reference history: stock in 67; stock out 7","60","17","8","64.89"
"Demo Store","Demo Item 0848","DEMO-0848","200000000848","electronics","roll","Reference history: stock in 68; stock out 14","54","18","9","65.26"
"Demo Store","Demo Item 0849","DEMO-0849","200000000849","hardware","pair","Reference history: stock in 69; stock out 6","63","19","9","65.63"
"Demo Store","Demo Item 0850","DEMO-0850","200000000850","other","dozen","Reference history: stock in 70; stock out 13","57","20","10","66.00"
"Demo Store","Demo Item 0851","DEMO-0851","200000000851","grocery","ea","Reference history: stock in 71; stock out 5","66","21","10","66.37"
"Demo Store","Demo Item 0852","DEMO-0852","200000000852","beverages","pc","Reference history: stock in 72; stock out 12","60","22","11","66.74"
"Demo Store","Demo Item 0853","DEMO-0853","200000000853","food_beverage","kg","Reference history: stock in 73; stock out 4","69","23","11","67.11"
"Demo Store","Demo Item 0854","DEMO-0854","200000000854","health_beauty","g","Reference history: stock in 74; stock out 11","63","24","12","67.48"
"Demo Store","Demo Item 0855","DEMO-0855","200000000855","household","lb","Reference history: stock in 75; stock out 3","72","25","12","67.85"
"Demo Store","Demo Item 0856","DEMO-0856","200000000856","apparel","oz","Reference history: stock in 76; stock out 10","66","26","13","68.22"
"Demo Store","Demo Item 0857","DEMO-0857","200000000857","accessories","L","Reference history: stock in 77; stock out 17","60","27","13","68.59"
"Demo Store","Demo Item 0858","DEMO-0858","200000000858","electronics","mL","Reference history: stock in 78; stock out 9","69","28","14","68.96"
"Demo Store","Demo Item 0859","DEMO-0859","200000000859","hardware","box","Reference history: stock in 79; stock out 16","63","29","14","69.33"
"Demo Store","Demo Item 0860","DEMO-0860","200000000860","other","pack","Reference history: stock in 80; stock out 8","72","10","5","69.70"
"Demo Store","Demo Item 0861","DEMO-0861","200000000861","grocery","case","Reference history: stock in 81; stock out 15","66","11","5","70.07"
"Demo Store","Demo Item 0862","DEMO-0862","200000000862","beverages","bottle","Reference history: stock in 82; stock out 7","75","12","6","70.44"
"Demo Store","Demo Item 0863","DEMO-0863","200000000863","food_beverage","can","Reference history: stock in 83; stock out 14","69","13","6","70.81"
"Demo Store","Demo Item 0864","DEMO-0864","200000000864","health_beauty","bag","Reference history: stock in 84; stock out 6","78","14","7","71.18"
"Demo Store","Demo Item 0865","DEMO-0865","200000000865","household","roll","Reference history: stock in 85; stock out 13","72","15","7","71.55"
"Demo Store","Demo Item 0866","DEMO-0866","200000000866","apparel","pair","Reference history: stock in 86; stock out 5","81","16","8","71.92"
"Demo Store","Demo Item 0867","DEMO-0867","200000000867","accessories","dozen","Reference history: stock in 87; stock out 12","75","17","8","72.29"
"Demo Store","Demo Item 0868","DEMO-0868","200000000868","electronics","ea","Reference history: stock in 88; stock out 4","84","18","9","72.66"
"Demo Store","Demo Item 0869","DEMO-0869","200000000869","hardware","pc","Reference history: stock in 89; stock out 11","78","19","9","73.03"
"Demo Store","Demo Item 0870","DEMO-0870","200000000870","other","kg","Reference history: stock in 90; stock out 3","87","20","10","73.40"
"Demo Store","Demo Item 0871","DEMO-0871","200000000871","grocery","g","Reference history: stock in 91; stock out 10","81","21","10","73.77"
"Demo Store","Demo Item 0872","DEMO-0872","200000000872","beverages","lb","Reference history: stock in 92; stock out 17","75","22","11","74.14"
"Demo Store","Demo Item 0873","DEMO-0873","200000000873","food_beverage","oz","Reference history: stock in 93; stock out 9","84","23","11","74.51"
"Demo Store","Demo Item 0874","DEMO-0874","200000000874","health_beauty","L","Reference history: stock in 94; stock out 16","78","24","12","74.88"
"Demo Store","Demo Item 0875","DEMO-0875","200000000875","household","mL","Reference history: stock in 95; stock out 8","87","25","12","75.25"
"Demo Store","Demo Item 0876","DEMO-0876","200000000876","apparel","box","Reference history: stock in 96; stock out 15","81","26","13","75.62"
"Demo Store","Demo Item 0877","DEMO-0877","200000000877","accessories","pack","Reference history: stock in 97; stock out 7","90","27","13","75.99"
"Demo Store","Demo Item 0878","DEMO-0878","200000000878","electronics","case","Reference history: stock in 98; stock out 14","84","28","14","76.36"
"Demo Store","Demo Item 0879","DEMO-0879","200000000879","hardware","bottle","Reference history: stock in 99; stock out 6","93","29","14","76.73"
"Demo Store","Demo Item 0880","DEMO-0880","200000000880","other","can","Reference history: stock in 20; stock out 13","7","10","5","77.10"
"Demo Store","Demo Item 0881","DEMO-0881","200000000881","grocery","bag","Reference history: stock in 21; stock out 5","16","11","5","77.47"
"Demo Store","Demo Item 0882","DEMO-0882","200000000882","beverages","roll","Reference history: stock in 22; stock out 12","10","12","6","77.84"
"Demo Store","Demo Item 0883","DEMO-0883","200000000883","food_beverage","pair","Reference history: stock in 23; stock out 4","19","13","6","78.21"
"Demo Store","Demo Item 0884","DEMO-0884","200000000884","health_beauty","dozen","Reference history: stock in 24; stock out 11","13","14","7","78.58"
"Demo Store","Demo Item 0885","DEMO-0885","200000000885","household","ea","Reference history: stock in 25; stock out 3","22","15","7","78.95"
"Demo Store","Demo Item 0886","DEMO-0886","200000000886","apparel","pc","Reference history: stock in 26; stock out 10","16","16","8","79.32"
"Demo Store","Demo Item 0887","DEMO-0887","200000000887","accessories","kg","Reference history: stock in 27; stock out 17","10","17","8","79.69"
"Demo Store","Demo Item 0888","DEMO-0888","200000000888","electronics","g","Reference history: stock in 28; stock out 9","19","18","9","80.06"
"Demo Store","Demo Item 0889","DEMO-0889","200000000889","hardware","lb","Reference history: stock in 29; stock out 16","13","19","9","80.43"
"Demo Store","Demo Item 0890","DEMO-0890","200000000890","other","oz","Reference history: stock in 30; stock out 8","22","20","10","80.80"
"Demo Store","Demo Item 0891","DEMO-0891","200000000891","grocery","L","Reference history: stock in 31; stock out 15","16","21","10","81.17"
"Demo Store","Demo Item 0892","DEMO-0892","200000000892","beverages","mL","Reference history: stock in 32; stock out 7","25","22","11","81.54"
"Demo Store","Demo Item 0893","DEMO-0893","200000000893","food_beverage","box","Reference history: stock in 33; stock out 14","19","23","11","81.91"
"Demo Store","Demo Item 0894","DEMO-0894","200000000894","health_beauty","pack","Reference history: stock in 34; stock out 6","28","24","12","82.28"
"Demo Store","Demo Item 0895","DEMO-0895","200000000895","household","case","Reference history: stock in 35; stock out 13","22","25","12","82.65"
"Demo Store","Demo Item 0896","DEMO-0896","200000000896","apparel","bottle","Reference history: stock in 36; stock out 5","31","26","13","83.02"
"Demo Store","Demo Item 0897","DEMO-0897","200000000897","accessories","can","Reference history: stock in 37; stock out 12","25","27","13","83.39"
"Demo Store","Demo Item 0898","DEMO-0898","200000000898","electronics","bag","Reference history: stock in 38; stock out 4","34","28","14","83.76"
"Demo Store","Demo Item 0899","DEMO-0899","200000000899","hardware","roll","Reference history: stock in 39; stock out 11","28","29","14","84.13"
"Demo Store","Demo Item 0900","DEMO-0900","200000000900","other","pair","Reference history: stock in 40; stock out 3","37","10","5","84.50"
"Demo Store","Demo Item 0901","DEMO-0901","200000000901","grocery","dozen","Reference history: stock in 41; stock out 10","31","11","5","84.87"
"Demo Store","Demo Item 0902","DEMO-0902","200000000902","beverages","ea","Reference history: stock in 42; stock out 17","25","12","6","85.24"
"Demo Store","Demo Item 0903","DEMO-0903","200000000903","food_beverage","pc","Reference history: stock in 43; stock out 9","34","13","6","85.61"
"Demo Store","Demo Item 0904","DEMO-0904","200000000904","health_beauty","kg","Reference history: stock in 44; stock out 16","28","14","7","85.98"
"Demo Store","Demo Item 0905","DEMO-0905","200000000905","household","g","Reference history: stock in 45; stock out 8","37","15","7","86.35"
"Demo Store","Demo Item 0906","DEMO-0906","200000000906","apparel","lb","Reference history: stock in 46; stock out 15","31","16","8","86.72"
"Demo Store","Demo Item 0907","DEMO-0907","200000000907","accessories","oz","Reference history: stock in 47; stock out 7","40","17","8","87.09"
"Demo Store","Demo Item 0908","DEMO-0908","200000000908","electronics","L","Reference history: stock in 48; stock out 14","34","18","9","87.46"
"Demo Store","Demo Item 0909","DEMO-0909","200000000909","hardware","mL","Reference history: stock in 49; stock out 6","43","19","9","87.83"
"Demo Store","Demo Item 0910","DEMO-0910","200000000910","other","box","Reference history: stock in 50; stock out 13","37","20","10","88.20"
"Demo Store","Demo Item 0911","DEMO-0911","200000000911","grocery","pack","Reference history: stock in 51; stock out 5","46","21","10","88.57"
"Demo Store","Demo Item 0912","DEMO-0912","200000000912","beverages","case","Reference history: stock in 52; stock out 12","40","22","11","88.94"
"Demo Store","Demo Item 0913","DEMO-0913","200000000913","food_beverage","bottle","Reference history: stock in 53; stock out 4","49","23","11","89.31"
"Demo Store","Demo Item 0914","DEMO-0914","200000000914","health_beauty","can","Reference history: stock in 54; stock out 11","43","24","12","89.68"
"Demo Store","Demo Item 0915","DEMO-0915","200000000915","household","bag","Reference history: stock in 55; stock out 3","52","25","12","90.05"
"Demo Store","Demo Item 0916","DEMO-0916","200000000916","apparel","roll","Reference history: stock in 56; stock out 10","46","26","13","90.42"
"Demo Store","Demo Item 0917","DEMO-0917","200000000917","accessories","pair","Reference history: stock in 57; stock out 17","40","27","13","90.79"
"Demo Store","Demo Item 0918","DEMO-0918","200000000918","electronics","dozen","Reference history: stock in 58; stock out 9","49","28","14","91.16"
"Demo Store","Demo Item 0919","DEMO-0919","200000000919","hardware","ea","Reference history: stock in 59; stock out 16","43","29","14","91.53"
"Demo Store","Demo Item 0920","DEMO-0920","200000000920","other","pc","Reference history: stock in 60; stock out 8","52","10","5","91.90"
"Demo Store","Demo Item 0921","DEMO-0921","200000000921","grocery","kg","Reference history: stock in 61; stock out 15","46","11","5","92.27"
"Demo Store","Demo Item 0922","DEMO-0922","200000000922","beverages","g","Reference history: stock in 62; stock out 7","55","12","6","92.64"
"Demo Store","Demo Item 0923","DEMO-0923","200000000923","food_beverage","lb","Reference history: stock in 63; stock out 14","49","13","6","93.01"
"Demo Store","Demo Item 0924","DEMO-0924","200000000924","health_beauty","oz","Reference history: stock in 64; stock out 6","58","14","7","93.38"
"Demo Store","Demo Item 0925","DEMO-0925","200000000925","household","L","Reference history: stock in 65; stock out 13","52","15","7","93.75"
"Demo Store","Demo Item 0926","DEMO-0926","200000000926","apparel","mL","Reference history: stock in 66; stock out 5","61","16","8","94.12"
"Demo Store","Demo Item 0927","DEMO-0927","200000000927","accessories","box","Reference history: stock in 67; stock out 12","55","17","8","94.49"
"Demo Store","Demo Item 0928","DEMO-0928","200000000928","electronics","pack","Reference history: stock in 68; stock out 4","64","18","9","94.86"
"Demo Store","Demo Item 0929","DEMO-0929","200000000929","hardware","case","Reference history: stock in 69; stock out 11","58","19","9","95.23"
"Demo Store","Demo Item 0930","DEMO-0930","200000000930","other","bottle","Reference history: stock in 70; stock out 3","67","20","10","95.60"
"Demo Store","Demo Item 0931","DEMO-0931","200000000931","grocery","can","Reference history: stock in 71; stock out 10","61","21","10","95.97"
"Demo Store","Demo Item 0932","DEMO-0932","200000000932","beverages","bag","Reference history: stock in 72; stock out 17","55","22","11","96.34"
"Demo Store","Demo Item 0933","DEMO-0933","200000000933","food_beverage","roll","Reference history: stock in 73; stock out 9","64","23","11","96.71"
"Demo Store","Demo Item 0934","DEMO-0934","200000000934","health_beauty","pair","Reference history: stock in 74; stock out 16","58","24","12","97.08"
"Demo Store","Demo Item 0935","DEMO-0935","200000000935","household","dozen","Reference history: stock in 75; stock out 8","67","25","12","97.45"
"Demo Store","Demo Item 0936","DEMO-0936","200000000936","apparel","ea","Reference history: stock in 76; stock out 15","61","26","13","97.82"
"Demo Store","Demo Item 0937","DEMO-0937","200000000937","accessories","pc","Reference history: stock in 77; stock out 7","70","27","13","98.19"
"Demo Store","Demo Item 0938","DEMO-0938","200000000938","electronics","kg","Reference history: stock in 78; stock out 14","64","28","14","98.56"
"Demo Store","Demo Item 0939","DEMO-0939","200000000939","hardware","g","Reference history: stock in 79; stock out 6","73","29","14","98.93"
"Demo Store","Demo Item 0940","DEMO-0940","200000000940","other","lb","Reference history: stock in 80; stock out 13","67","10","5","99.30"
"Demo Store","Demo Item 0941","DEMO-0941","200000000941","grocery","oz","Reference history: stock in 81; stock out 5","76","11","5","99.67"
"Demo Store","Demo Item 0942","DEMO-0942","200000000942","beverages","L","Reference history: stock in 82; stock out 12","70","12","6","100.04"
"Demo Store","Demo Item 0943","DEMO-0943","200000000943","food_beverage","mL","Reference history: stock in 83; stock out 4","79","13","6","100.41"
"Demo Store","Demo Item 0944","DEMO-0944","200000000944","health_beauty","box","Reference history: stock in 84; stock out 11","73","14","7","100.78"
"Demo Store","Demo Item 0945","DEMO-0945","200000000945","household","pack","Reference history: stock in 85; stock out 3","82","15","7","101.15"
"Demo Store","Demo Item 0946","DEMO-0946","200000000946","apparel","case","Reference history: stock in 86; stock out 10","76","16","8","101.52"
"Demo Store","Demo Item 0947","DEMO-0947","200000000947","accessories","bottle","Reference history: stock in 87; stock out 17","70","17","8","101.89"
"Demo Store","Demo Item 0948","DEMO-0948","200000000948","electronics","can","Reference history: stock in 88; stock out 9","79","18","9","102.26"
"Demo Store","Demo Item 0949","DEMO-0949","200000000949","hardware","bag","Reference history: stock in 89; stock out 16","73","19","9","102.63"
"Demo Store","Demo Item 0950","DEMO-0950","200000000950","other","roll","Reference history: stock in 90; stock out 8","82","20","10","103.00"
"Demo Store","Demo Item 0951","DEMO-0951","200000000951","grocery","pair","Reference history: stock in 91; stock out 15","76","21","10","103.37"
"Demo Store","Demo Item 0952","DEMO-0952","200000000952","beverages","dozen","Reference history: stock in 92; stock out 7","85","22","11","103.74"
"Demo Store","Demo Item 0953","DEMO-0953","200000000953","food_beverage","ea","Reference history: stock in 93; stock out 14","79","23","11","104.11"
"Demo Store","Demo Item 0954","DEMO-0954","200000000954","health_beauty","pc","Reference history: stock in 94; stock out 6","88","24","12","104.48"
"Demo Store","Demo Item 0955","DEMO-0955","200000000955","household","kg","Reference history: stock in 95; stock out 13","82","25","12","104.85"
"Demo Store","Demo Item 0956","DEMO-0956","200000000956","apparel","g","Reference history: stock in 96; stock out 5","91","26","13","105.22"
"Demo Store","Demo Item 0957","DEMO-0957","200000000957","accessories","lb","Reference history: stock in 97; stock out 12","85","27","13","105.59"
"Demo Store","Demo Item 0958","DEMO-0958","200000000958","electronics","oz","Reference history: stock in 98; stock out 4","94","28","14","105.96"
"Demo Store","Demo Item 0959","DEMO-0959","200000000959","hardware","L","Reference history: stock in 99; stock out 11","88","29","14","106.33"
"Demo Store","Demo Item 0960","DEMO-0960","200000000960","other","mL","Reference history: stock in 20; stock out 3","17","10","5","106.70"
"Demo Store","Demo Item 0961","DEMO-0961","200000000961","grocery","box","Reference history: stock in 21; stock out 10","11","11","5","107.07"
"Demo Store","Demo Item 0962","DEMO-0962","200000000962","beverages","pack","Reference history: stock in 22; stock out 17","5","12","6","107.44"
"Demo Store","Demo Item 0963","DEMO-0963","200000000963","food_beverage","case","Reference history: stock in 23; stock out 9","14","13","6","107.81"
"Demo Store","Demo Item 0964","DEMO-0964","200000000964","health_beauty","bottle","Reference history: stock in 24; stock out 16","8","14","7","108.18"
"Demo Store","Demo Item 0965","DEMO-0965","200000000965","household","can","Reference history: stock in 25; stock out 8","17","15","7","108.55"
"Demo Store","Demo Item 0966","DEMO-0966","200000000966","apparel","bag","Reference history: stock in 26; stock out 15","11","16","8","108.92"
"Demo Store","Demo Item 0967","DEMO-0967","200000000967","accessories","roll","Reference history: stock in 27; stock out 7","20","17","8","109.29"
"Demo Store","Demo Item 0968","DEMO-0968","200000000968","electronics","pair","Reference history: stock in 28; stock out 14","14","18","9","109.66"
"Demo Store","Demo Item 0969","DEMO-0969","200000000969","hardware","dozen","Reference history: stock in 29; stock out 6","23","19","9","110.03"
"Demo Store","Demo Item 0970","DEMO-0970","200000000970","other","ea","Reference history: stock in 30; stock out 13","17","20","10","110.40"
"Demo Store","Demo Item 0971","DEMO-0971","200000000971","grocery","pc","Reference history: stock in 31; stock out 5","26","21","10","110.77"
"Demo Store","Demo Item 0972","DEMO-0972","200000000972","beverages","kg","Reference history: stock in 32; stock out 12","20","22","11","111.14"
"Demo Store","Demo Item 0973","DEMO-0973","200000000973","food_beverage","g","Reference history: stock in 33; stock out 4","29","23","11","111.51"
"Demo Store","Demo Item 0974","DEMO-0974","200000000974","health_beauty","lb","Reference history: stock in 34; stock out 11","23","24","12","111.88"
"Demo Store","Demo Item 0975","DEMO-0975","200000000975","household","oz","Reference history: stock in 35; stock out 3","32","25","12","112.25"
"Demo Store","Demo Item 0976","DEMO-0976","200000000976","apparel","L","Reference history: stock in 36; stock out 10","26","26","13","112.62"
"Demo Store","Demo Item 0977","DEMO-0977","200000000977","accessories","mL","Reference history: stock in 37; stock out 17","20","27","13","112.99"
"Demo Store","Demo Item 0978","DEMO-0978","200000000978","electronics","box","Reference history: stock in 38; stock out 9","29","28","14","113.36"
"Demo Store","Demo Item 0979","DEMO-0979","200000000979","hardware","pack","Reference history: stock in 39; stock out 16","23","29","14","113.73"
"Demo Store","Demo Item 0980","DEMO-0980","200000000980","other","case","Reference history: stock in 40; stock out 8","32","10","5","114.10"
"Demo Store","Demo Item 0981","DEMO-0981","200000000981","grocery","bottle","Reference history: stock in 41; stock out 15","26","11","5","114.47"
"Demo Store","Demo Item 0982","DEMO-0982","200000000982","beverages","can","Reference history: stock in 42; stock out 7","35","12","6","114.84"
"Demo Store","Demo Item 0983","DEMO-0983","200000000983","food_beverage","bag","Reference history: stock in 43; stock out 14","29","13","6","115.21"
"Demo Store","Demo Item 0984","DEMO-0984","200000000984","health_beauty","roll","Reference history: stock in 44; stock out 6","38","14","7","115.58"
"Demo Store","Demo Item 0985","DEMO-0985","200000000985","household","pair","Reference history: stock in 45; stock out 13","32","15","7","115.95"
"Demo Store","Demo Item 0986","DEMO-0986","200000000986","apparel","dozen","Reference history: stock in 46; stock out 5","41","16","8","116.32"
"Demo Store","Demo Item 0987","DEMO-0987","200000000987","accessories","ea","Reference history: stock in 47; stock out 12","35","17","8","116.69"
"Demo Store","Demo Item 0988","DEMO-0988","200000000988","electronics","pc","Reference history: stock in 48; stock out 4","44","18","9","117.06"
"Demo Store","Demo Item 0989","DEMO-0989","200000000989","hardware","kg","Reference history: stock in 49; stock out 11","38","19","9","117.43"
"Demo Store","Demo Item 0990","DEMO-0990","200000000990","other","g","Reference history: stock in 50; stock out 3","47","20","10","117.80"
"Demo Store","Demo Item 0991","DEMO-0991","200000000991","grocery","lb","Reference history: stock in 51; stock out 10","41","21","10","118.17"
"Demo Store","Demo Item 0992","DEMO-0992","200000000992","beverages","oz","Reference history: stock in 52; stock out 17","35","22","11","118.54"
"Demo Store","Demo Item 0993","DEMO-0993","200000000993","food_beverage","L","Reference history: stock in 53; stock out 9","44","23","11","118.91"
"Demo Store","Demo Item 0994","DEMO-0994","200000000994","health_beauty","mL","Reference history: stock in 54; stock out 16","38","24","12","119.28"
"Demo Store","Demo Item 0995","DEMO-0995","200000000995","household","box","Reference history: stock in 55; stock out 8","47","25","12","119.65"
"Demo Store","Demo Item 0996","DEMO-0996","200000000996","apparel","pack","Reference history: stock in 56; stock out 15","41","26","13","120.02"
"Demo Store","Demo Item 0997","DEMO-0997","200000000997","accessories","case","Reference history: stock in 57; stock out 7","50","27","13","120.39"
"Demo Store","Demo Item 0998","DEMO-0998","200000000998","electronics","bottle","Reference history: stock in 58; stock out 14","44","28","14","120.76"
"Demo Store","Demo Item 0999","DEMO-0999","200000000999","hardware","can","Reference history: stock in 59; stock out 6","53","29","14","121.13"
"Demo Store","Demo Item 1000","DEMO-1000","200000001000","other","bag","Reference history: stock in 60; stock out 13","47","10","5","121.50"