store_name,name,sku,barcode,category,unit,notes,quantity,reorder_level,critical_level,current_price
Sari-Sari Store,Highlands Corned Beef Garlic 150 g 3-pack,SSS-000001,,grocery,bundle,,28,10,3,105.84
Sari-Sari Store,Mega Tuna Adobo 425 g 3-pack,SSS-000002,,grocery,bundle,,37,18,6,232.26
Sari-Sari Store,555 Sardines Hot & Spicy 155 g 6-pack,SSS-000003,,grocery,bundle,,23,17,5,141.00
Sari-Sari Store,QuickChow Instant Noodles Original 75 g,SSS-000004,,grocery,pack,,14,17,5,18.36
Sari-Sari Store,Payless Cup Noodles Beef 40 g 3-pack,SSS-000005,,grocery,bundle,,43,18,6,58.80
Sari-Sari Store,Master Sardines Spanish Style 155 g,SSS-000006,,grocery,can,,26,9,3,25.50
Sari-Sari Store,Purefoods Corned Beef Garlic 175 g,SSS-000007,,grocery,can,,28,8,2,42.24
Sari-Sari Store,Baguio Cooking Oil Coconut 2 L,SSS-000008,,grocery,bottle,,36,9,3,213.64
Sari-Sari Store,Datu Puti Soy Sauce Regular 250 mL,SSS-000009,,grocery,bottle,,33,12,4,15.98
Sari-Sari Store,V-Cut Potato Chips Garlic 60 g 3-pack,SSS-000010,,grocery,bundle,,50,16,5,93.60
Sari-Sari Store,QuickChow Cup Noodles Creamy Seafood 65 g,SSS-000011,,grocery,cup,,56,15,5,32.00
Sari-Sari Store,Nova Potato Chips Sour Cream 100 g,SSS-000012,,grocery,pack,,21,15,5,47.04
Sari-Sari Store,Oishi Potato Chips Barbecue 20 g 3-pack,SSS-000013,,grocery,bundle,,55,7,2,28.20
Sari-Sari Store,SkyFlakes Snack Crackers Original 200 g,SSS-000014,,grocery,pack,,47,12,4,35.72
Sari-Sari Store,Tostillas Potato Chips Cheese 100 g 3-pack,SSS-000015,,grocery,bundle,,50,15,5,152.64
Sari-Sari Store,Chippy Potato Chips Barbecue 60 g,SSS-000016,,grocery,pack,,5,14,4,30.00
Sari-Sari Store,Chippy Potato Chips Spicy 60 g 3-pack,SSS-000017,,grocery,bundle,,29,13,4,90.00
Sari-Sari Store,Master Sardines Hot & Spicy 425 g,SSS-000018,,grocery,can,,38,18,6,55.08
Sari-Sari Store,Marca Pina Soy Sauce Regular 100 mL 2-pack,SSS-000019,,grocery,bundle,,21,6,2,15.68
Sari-Sari Store,Lucky Me! Pancit Canton Sweet & Spicy 80 g,SSS-000020,,grocery,pack,,2,17,5,17.86
Sari-Sari Store,Highlands Corned Beef Garlic 175 g 3-pack,SSS-000021,,grocery,bundle,,41,12,4,129.36
Sari-Sari Store,Jolly Cooking Oil Canola 2 L,SSS-000022,,grocery,bottle,,46,12,4,218.00
Sari-Sari Store,Maggi Instant Noodles Bulalo 75 g 5-pack,SSS-000023,,grocery,bundle,,48,10,3,90.00
Sari-Sari Store,Marie Snack Crackers Butter 200 g,SSS-000024,,grocery,pack,,58,6,2,38.00
Sari-Sari Store,Golden Fiesta Cooking Oil Coconut 100 mL,SSS-000025,,grocery,pouch,,43,16,5,15.36
Sari-Sari Store,Jolly Cooking Oil Vegetable 500 mL 2-pack,SSS-000026,,grocery,bundle,,36,6,2,118.00
Sari-Sari Store,Jersey Ketchup Sweet & Spicy 1 kg 2-pack,SSS-000027,,grocery,bundle,,18,12,4,205.80
Sari-Sari Store,Ho-Mi Instant Noodles Chicken 60 g 5-pack,SSS-000028,,grocery,bundle,,19,14,4,57.20
Sari-Sari Store,Payless Instant Noodles Sweet & Spicy 75 g 5-pack,SSS-000029,,grocery,bundle,,41,7,2,86.40
Sari-Sari Store,Lucky Me! Pancit Canton Kalamansi 70 g,SSS-000030,,grocery,pack,,1,7,2,15.04
Sari-Sari Store,Maggi Instant Noodles Sweet & Spicy 75 g 5-pack,SSS-000031,,grocery,bundle,,43,14,4,90.00
Sari-Sari Store,555 Tuna Hot & Spicy 425 g,SSS-000032,,grocery,can,,20,15,5,75.84
Sari-Sari Store,Silver Swan Vinegar Cane 100 mL 2-pack,SSS-000033,,grocery,bundle,,34,10,3,15.36
Sari-Sari Store,V-Cut Potato Chips Garlic 35 g,SSS-000034,,grocery,pack,,49,9,3,18.72
Sari-Sari Store,QuickChow Instant Noodles Original 60 g 5-pack,SSS-000035,,grocery,bundle,,7,7,2,56.10
Sari-Sari Store,Mega Tuna Calamansi 180 g 3-pack,SSS-000036,,grocery,bundle,,58,13,4,132.30
Sari-Sari Store,Jasmine Select Rice Brown 5 kg 2-pack,SSS-000037,,grocery,bundle,,34,17,5,620.00
Sari-Sari Store,Piattos Potato Chips Salted 35 g 3-pack,SSS-000038,,grocery,bundle,,14,17,5,51.84
Sari-Sari Store,Marca Pina Soy Sauce Premium 500 mL 2-pack,SSS-000039,,grocery,bundle,,18,10,3,56.84
Sari-Sari Store,UFC Ketchup Banana 100 g 2-pack,SSS-000040,,grocery,bundle,,22,9,3,22.56
Sari-Sari Store,Minola Cooking Oil Coconut 250 mL 2-pack,SSS-000041,,grocery,bundle,,13,16,5,60.16
Sari-Sari Store,QuickChow Instant Noodles Extra Hot 60 g,SSS-000042,,grocery,pack,,48,9,3,11.22
Sari-Sari Store,Jasmine Select Rice Premium 10 kg 2-pack,SSS-000043,,grocery,bundle,,51,7,2,1220.00
Sari-Sari Store,Century Tuna Tuna Adobo 425 g,SSS-000044,,grocery,can,,32,17,5,74.26
Sari-Sari Store,Sinandomeng Select Rice Glutinous 1 kg 2-pack,SSS-000045,,grocery,bundle,,17,17,5,122.88
Sari-Sari Store,Rebisco Snack Crackers Original 25 g 3-pack,SSS-000046,,grocery,bundle,,50,17,5,15.30
Sari-Sari Store,Ho-Mi Instant Noodles Original 55 g,SSS-000047,,grocery,pack,,6,15,5,9.36
Sari-Sari Store,Fita Snack Crackers Original 100 g 3-pack,SSS-000048,,grocery,bundle,,56,15,5,57.60
Sari-Sari Store,Cream-O Snack Crackers Chocolate 100 g 3-pack,SSS-000049,,grocery,bundle,,59,14,4,62.40
Sari-Sari Store,Nissin Pancit Canton Kalamansi 80 g 6-pack,SSS-000050,,grocery,bundle,,45,6,2,111.72
Sari-Sari Store,V-Cut Potato Chips Salted 20 g,SSS-000051,,grocery,pack,,46,8,2,10.40
Sari-Sari Store,Lucky Me! Instant Noodles Chicken 55 g 5-pack,SSS-000052,,grocery,bundle,,29,10,3,42.30
Sari-Sari Store,SkyFlakes Snack Crackers Butter 100 g,SSS-000053,,grocery,pack,,17,10,3,18.80
Sari-Sari Store,Jolly Cooking Oil Coconut 100 mL 2-pack,SSS-000054,,grocery,bundle,,16,17,5,32.00
Sari-Sari Store,Nissin Pancit Canton Chilimansi 80 g,SSS-000055,,grocery,pack,,20,12,4,18.62
Sari-Sari Store,Maggi Instant Noodles Bulalo 65 g,SSS-000056,,grocery,pack,,4,18,6,14.00
Sari-Sari Store,Jasmine Select Rice Premium 5 kg 2-pack,SSS-000057,,grocery,bundle,,18,18,6,620.00
Sari-Sari Store,Ho-Mi Instant Noodles Extra Hot 65 g,SSS-000058,,grocery,pack,,50,13,4,14.56
Sari-Sari Store,Clover Potato Chips Spicy 100 g,SSS-000059,,grocery,pack,,47,17,5,48.96
Sari-Sari Store,Payless Instant Noodles Bulalo 60 g,SSS-000060,,grocery,pack,,0,9,3,10.56
Sari-Sari Store,Payless Cup Noodles Chicken 65 g 3-pack,SSS-000061,,grocery,bundle,,27,12,4,94.08
Sari-Sari Store,Dinorado Premium Rice Glutinous 10 kg 2-pack,SSS-000062,,grocery,bundle,,22,7,2,1195.60
Sari-Sari Store,Maggi Instant Noodles Spicy Seafood 75 g 5-pack,SSS-000063,,grocery,bundle,,39,16,5,90.00
Sari-Sari Store,Cream-O Snack Crackers Peanut 100 g,SSS-000064,,grocery,pack,,44,8,2,20.80
Sari-Sari Store,Local Harvest Rice Premium 1 kg,SSS-000065,,grocery,bag,,35,13,4,60.16
Sari-Sari Store,Master Sardines Hot & Spicy 155 g,SSS-000066,,grocery,can,,27,8,2,25.50
Sari-Sari Store,Hansel Snack Crackers Peanut 100 g 3-pack,SSS-000067,,grocery,bundle,,7,14,4,58.80
Sari-Sari Store,Nissin Pancit Canton Sweet & Spicy 60 g,SSS-000068,,grocery,pack,,50,12,4,13.72
Sari-Sari Store,Ligo Sardines Tomato Sauce 425 g,SSS-000069,,grocery,can,,44,17,5,51.84
Sari-Sari Store,Marca Pina Soy Sauce Premium 1 L,SSS-000070,,grocery,bottle,,58,13,4,53.90
Sari-Sari Store,SkyFlakes Snack Crackers Cream 200 g,SSS-000071,,grocery,pack,,0,17,5,35.72
Sari-Sari Store,Cream-O Snack Crackers Chocolate 25 g,SSS-000072,,grocery,pack,,43,9,3,5.20
Sari-Sari Store,SkyFlakes Snack Crackers Butter 25 g,SSS-000073,,grocery,pack,,5,10,3,4.70
Sari-Sari Store,Lucky Me! Instant Noodles Chicken 75 g,SSS-000074,,grocery,pack,,53,11,3,16.92
Sari-Sari Store,Payless Instant Noodles Sweet & Spicy 60 g,SSS-000075,,grocery,pack,,47,18,6,10.56
Sari-Sari Store,Delimondo Corned Beef Original 260 g,SSS-000076,,grocery,can,,5,14,4,68.00
Sari-Sari Store,Minola Cooking Oil Vegetable 2 L 2-pack,SSS-000077,,grocery,bundle,,50,13,4,409.84
Sari-Sari Store,Delimondo Corned Beef Chili 175 g 3-pack,SSS-000078,,grocery,bundle,,45,7,2,132.00
Sari-Sari Store,Payless Pancit Canton Sweet & Spicy 60 g 6-pack,SSS-000079,,grocery,bundle,,8,14,4,80.64
Sari-Sari Store,555 Tuna Calamansi 425 g,SSS-000080,,grocery,can,,2,13,4,75.84
Sari-Sari Store,Baguio Cooking Oil Palm 250 mL 2-pack,SSS-000081,,grocery,bundle,,47,13,4,62.72
Sari-Sari Store,Maggi Instant Noodles Beef 65 g 5-pack,SSS-000082,,grocery,bundle,,43,6,2,70.00
Sari-Sari Store,Ho-Mi Instant Noodles Chicken 75 g 5-pack,SSS-000083,,grocery,bundle,,58,10,3,93.60
Sari-Sari Store,Oishi Potato Chips Garlic 35 g 3-pack,SSS-000084,,grocery,bundle,,4,13,4,50.76
Sari-Sari Store,Mama Sita's Seasoning Mix Sinigang 50 g 6-pack,SSS-000085,,grocery,bundle,,22,15,5,108.00
Sari-Sari Store,Hansel Snack Crackers Cream 200 g,SSS-000086,,grocery,pack,,57,15,5,37.24
Sari-Sari Store,Nissin Cup Noodles Bulalo 55 g 3-pack,SSS-000087,,grocery,bundle,,38,8,2,73.32
Sari-Sari Store,Sinandomeng Select Rice Brown 2 kg,SSS-000088,,grocery,bag,,47,7,2,120.96
Sari-Sari Store,Highlands Corned Beef Garlic 380 g 3-pack,SSS-000089,,grocery,bundle,,25,11,3,288.12
Sari-Sari Store,Payless Pancit Canton Original 70 g 6-pack,SSS-000090,,grocery,bundle,,20,11,3,92.16
Sari-Sari Store,Fita Snack Crackers Chocolate 50 g 3-pack,SSS-000091,,grocery,bundle,,7,7,2,28.80
Sari-Sari Store,Tostillas Potato Chips Garlic 60 g,SSS-000092,,grocery,pack,,59,12,4,31.80
Sari-Sari Store,555 Sardines Tomato Sauce 155 g,SSS-000093,,grocery,can,,48,8,2,23.50
Sari-Sari Store,Cream-O Snack Crackers Chocolate 50 g 3-pack,SSS-000094,,grocery,bundle,,58,17,5,31.20
Sari-Sari Store,Century Tuna Tuna Calamansi 425 g,SSS-000095,,grocery,can,,13,13,4,74.26
Sari-Sari Store,Golden Fiesta Cooking Oil Vegetable 500 mL,SSS-000096,,grocery,bottle,,14,18,6,56.64
Sari-Sari Store,Knorr Seasoning Mix All-Purpose 50 g 6-pack,SSS-000097,,grocery,bundle,,4,14,4,101.52
Sari-Sari Store,Lucky Me! Instant Noodles Chicken 75 g 5-pack,SSS-000098,,grocery,bundle,,56,8,2,84.60
Sari-Sari Store,Oishi Potato Chips Sour Cream 100 g,SSS-000099,,grocery,pack,,34,9,3,45.12
Sari-Sari Store,Minola Cooking Oil Coconut 1 L 2-pack,SSS-000100,,grocery,bundle,,17,12,4,210.56
Sari-Sari Store,Piattos Potato Chips Barbecue 100 g 3-pack,SSS-000101,,grocery,bundle,,15,15,5,138.24
Sari-Sari Store,V-Cut Potato Chips Cheese 60 g 3-pack,SSS-000102,,grocery,bundle,,2,11,3,93.60
Sari-Sari Store,Payless Instant Noodles Spicy Seafood 60 g,SSS-000103,,grocery,pack,,1,12,4,10.56
Sari-Sari Store,Highlands Corned Beef Garlic 175 g,SSS-000104,,grocery,can,,4,14,4,43.12
Sari-Sari Store,Delimondo Corned Beef Chili 175 g,SSS-000105,,grocery,can,,33,7,2,44.00
Sari-Sari Store,SkyFlakes Snack Crackers Butter 50 g 3-pack,SSS-000106,,grocery,bundle,,45,10,3,28.20
Sari-Sari Store,Delimondo Corned Beef Original 260 g 3-pack,SSS-000107,,grocery,bundle,,18,8,2,204.00
Sari-Sari Store,QuickChow Pancit Canton Chilimansi 80 g 6-pack,SSS-000108,,grocery,bundle,,19,16,5,114.00
Sari-Sari Store,Local Harvest Rice Brown 2 kg 2-pack,SSS-000109,,grocery,bundle,,37,7,2,236.88
Sari-Sari Store,QuickChow Pancit Canton Kalamansi 80 g,SSS-000110,,grocery,pack,,42,14,4,19.00
Sari-Sari Store,Oishi Potato Chips Sour Cream 35 g,SSS-000111,,grocery,pack,,30,15,5,16.92
Sari-Sari Store,Ho-Mi Instant Noodles Bulalo 65 g 5-pack,SSS-000112,,grocery,bundle,,60,6,2,72.80
Sari-Sari Store,Payless Instant Noodles Sweet & Spicy 65 g,SSS-000113,,grocery,pack,,1,10,3,13.44
Sari-Sari Store,Hansel Snack Crackers Peanut 50 g,SSS-000114,,grocery,pack,,24,14,4,9.80
Sari-Sari Store,Local Harvest Rice Well-Milled 5 kg 2-pack,SSS-000115,,grocery,bundle,,0,8,2,582.80
Sari-Sari Store,Nissin Instant Noodles Chicken 55 g,SSS-000116,,grocery,pack,,16,6,2,8.82
Sari-Sari Store,Fita Snack Crackers Cream 200 g 3-pack,SSS-000117,,grocery,bundle,,37,7,2,109.44
Sari-Sari Store,Argentina Corned Beef Chili 150 g 3-pack,SSS-000118,,grocery,bundle,,48,6,2,101.52
Sari-Sari Store,Lucky Me! Instant Noodles Seafood 55 g,SSS-000119,,grocery,pack,,23,12,4,8.46
Sari-Sari Store,Payless Pancit Canton Kalamansi 60 g 6-pack,SSS-000120,,grocery,bundle,,22,9,3,80.64
Sari-Sari Store,Lucky Me! Instant Noodles Seafood 55 g 5-pack,SSS-000121,,grocery,bundle,,39,11,3,42.30
Sari-Sari Store,Maggi Instant Noodles Beef 55 g,SSS-000122,,grocery,pack,,6,7,2,9.00
Sari-Sari Store,Sinandomeng Select Rice Glutinous 10 kg,SSS-000123,,grocery,bag,,58,12,4,585.60
Sari-Sari Store,Maggi Seasoning Mix Sinigang 25 g,SSS-000124,,grocery,pack,,8,15,5,9.60
Sari-Sari Store,Baguio Cooking Oil Palm 500 mL 2-pack,SSS-000125,,grocery,bundle,,52,12,4,115.64
Sari-Sari Store,Payless Pancit Canton Sweet & Spicy 80 g,SSS-000126,,grocery,pack,,60,8,2,18.24
Sari-Sari Store,Ho-Mi Instant Noodles Original 65 g 5-pack,SSS-000127,,grocery,bundle,,28,12,4,72.80
Sari-Sari Store,Dinorado Premium Rice Well-Milled 10 kg,SSS-000128,,grocery,bag,,27,10,3,597.80
Sari-Sari Store,V-Cut Potato Chips Cheese 35 g 3-pack,SSS-000129,,grocery,bundle,,6,6,2,56.16
Sari-Sari Store,Cream-O Snack Crackers Peanut 50 g,SSS-000130,,grocery,pack,,41,17,5,10.40
Sari-Sari Store,Marca Pina Soy Sauce Premium 1 L 2-pack,SSS-000131,,grocery,bundle,,42,17,5,107.80
Sari-Sari Store,Nissin Instant Noodles Spicy Seafood 55 g 5-pack,SSS-000132,,grocery,bundle,,14,15,5,44.10
Sari-Sari Store,Argentina Corned Beef Garlic 150 g,SSS-000133,,grocery,can,,40,17,5,33.84
Sari-Sari Store,Baguio Cooking Oil Palm 100 mL 2-pack,SSS-000134,,grocery,bundle,,57,14,4,31.36
Sari-Sari Store,Maggi Seasoning Mix Tinola 25 g 6-pack,SSS-000135,,grocery,bundle,,49,12,4,57.60
Sari-Sari Store,Maggi Instant Noodles Spicy Seafood 55 g,SSS-000136,,grocery,pack,,9,8,2,9.00
Sari-Sari Store,Maggi Seasoning Mix Chicken 50 g 6-pack,SSS-000137,,grocery,bundle,,42,13,4,103.68
Sari-Sari Store,Nissin Pancit Canton Extra Hot 80 g,SSS-000138,,grocery,pack,,4,15,5,18.62
Sari-Sari Store,Delimondo Corned Beef Chili 380 g 3-pack,SSS-000139,,grocery,bundle,,0,17,5,294.00
Sari-Sari Store,QuickChow Instant Noodles Seafood 65 g 5-pack,SSS-000140,,grocery,bundle,,27,16,5,71.40
Sari-Sari Store,Nissin Pancit Canton Original 80 g 6-pack,SSS-000141,,grocery,bundle,,20,13,4,111.72
Sari-Sari Store,Clover Potato Chips Barbecue 60 g,SSS-000142,,grocery,pack,,60,14,4,30.60
Sari-Sari Store,Nova Potato Chips Garlic 60 g 3-pack,SSS-000143,,grocery,bundle,,18,16,5,88.20
Sari-Sari Store,Maggi Instant Noodles Original 65 g 5-pack,SSS-000144,,grocery,bundle,,4,16,5,70.00
Sari-Sari Store,Lucky Me! Pancit Canton Extra Hot 80 g,SSS-000145,,grocery,pack,,19,18,6,17.86
Sari-Sari Store,Local Harvest Rice Brown 5 kg 2-pack,SSS-000146,,grocery,bundle,,12,13,4,582.80
Sari-Sari Store,Ho-Mi Instant Noodles Chicken 55 g 5-pack,SSS-000147,,grocery,bundle,,15,14,4,46.80
Sari-Sari Store,Payless Instant Noodles Chicken 60 g 5-pack,SSS-000148,,grocery,bundle,,35,14,4,52.80
Sari-Sari Store,QuickChow Cup Noodles Spicy 65 g 3-pack,SSS-000149,,grocery,bundle,,44,18,6,96.00
Sari-Sari Store,Ho-Mi Instant Noodles Sweet & Spicy 55 g,SSS-000150,,grocery,pack,,52,12,4,9.36
Sari-Sari Store,Lucky Me! Instant Noodles Bulalo 60 g,SSS-000151,,grocery,pack,,14,9,3,10.34
Sari-Sari Store,Marie Snack Crackers Cream 200 g,SSS-000152,,grocery,pack,,17,8,2,38.00
Sari-Sari Store,Marie Snack Crackers Butter 50 g,SSS-000153,,grocery,pack,,43,14,4,10.00
Sari-Sari Store,Purefoods Corned Beef Garlic 260 g,SSS-000154,,grocery,can,,19,17,5,65.28
Sari-Sari Store,Jersey Ketchup Tomato 100 g 2-pack,SSS-000155,,grocery,bundle,,11,10,3,23.52
Sari-Sari Store,Ho-Mi Instant Noodles Spicy Seafood 65 g 5-pack,SSS-000156,,grocery,bundle,,21,10,3,72.80
Sari-Sari Store,Payless Instant Noodles Chicken 60 g,SSS-000157,,grocery,pack,,51,13,4,10.56
Sari-Sari Store,Knorr Seasoning Mix All-Purpose 10 g,SSS-000158,,grocery,sachet,,42,15,5,4.70
Sari-Sari Store,Ajinomoto Seasoning Mix Tinola 25 g 6-pack,SSS-000159,,grocery,bundle,,28,13,4,58.80
Sari-Sari Store,Knorr Seasoning Mix All-Purpose 25 g,SSS-000160,,grocery,pack,,49,8,2,9.40
Sari-Sari Store,QuickChow Pancit Canton Original 60 g,SSS-000161,,grocery,pack,,26,17,5,14.00
Sari-Sari Store,Maggi Instant Noodles Bulalo 65 g 5-pack,SSS-000162,,grocery,bundle,,11,10,3,70.00
Sari-Sari Store,Minola Cooking Oil Coconut 250 mL,SSS-000163,,grocery,bottle,,4,16,5,30.08
Sari-Sari Store,Silver Swan Soy Sauce Regular 250 mL 2-pack,SSS-000164,,grocery,bundle,,50,14,4,32.64
Sari-Sari Store,Dinorado Premium Rice Well-Milled 2 kg,SSS-000165,,grocery,bag,,44,11,3,123.48
Sari-Sari Store,Knorr Seasoning Mix Chicken 25 g,SSS-000166,,grocery,pack,,20,16,5,9.40
Sari-Sari Store,555 Tuna Flakes in Oil 425 g 3-pack,SSS-000167,,grocery,bundle,,43,8,2,227.52
Sari-Sari Store,QuickChow Instant Noodles Bulalo 75 g,SSS-000168,,grocery,pack,,20,13,4,18.36
Sari-Sari Store,Nissin Instant Noodles Sweet & Spicy 75 g,SSS-000169,,grocery,pack,,25,16,5,17.64
Sari-Sari Store,Lucky Me! Pancit Canton Sweet & Spicy 80 g 6-pack,SSS-000170,,grocery,bundle,,19,17,5,107.16
Sari-Sari Store,Cream-O Snack Crackers Cream 100 g,SSS-000171,,grocery,pack,,23,6,2,20.80
Sari-Sari Store,Knorr Seasoning Mix Beef 10 g 6-pack,SSS-000172,,grocery,bundle,,41,11,3,28.20
Sari-Sari Store,Minola Cooking Oil Canola 250 mL,SSS-000173,,grocery,bottle,,18,13,4,30.08
Sari-Sari Store,Purefoods Corned Beef Chili 175 g 3-pack,SSS-000174,,grocery,bundle,,38,11,3,126.72
Sari-Sari Store,Local Harvest Rice Glutinous 1 kg 2-pack,SSS-000175,,grocery,bundle,,57,8,2,120.32
Sari-Sari Store,Cream-O Snack Crackers Original 25 g,SSS-000176,,grocery,pack,,55,17,5,5.20
Sari-Sari Store,Datu Puti Vinegar Spiced 100 mL 2-pack,SSS-000177,,grocery,bundle,,36,11,3,15.04
Sari-Sari Store,Piattos Potato Chips Sour Cream 100 g 3-pack,SSS-000178,,grocery,bundle,,41,13,4,138.24
Sari-Sari Store,Mega Sardines Spanish Style 425 g 6-pack,SSS-000179,,grocery,bundle,,13,15,5,317.52
Sari-Sari Store,Delimondo Corned Beef Chili 380 g,SSS-000180,,grocery,can,,47,18,6,98.00
Sari-Sari Store,Lucky Me! Instant Noodles Spicy Seafood 55 g,SSS-000181,,grocery,pack,,34,9,3,8.46
Sari-Sari Store,Nova Potato Chips Salted 60 g,SSS-000182,,grocery,pack,,53,17,5,29.40
Sari-Sari Store,Nissin Instant Noodles Extra Hot 65 g,SSS-000183,,grocery,pack,,48,18,6,13.72
Sari-Sari Store,Sinandomeng Select Rice Brown 5 kg,SSS-000184,,grocery,bag,,47,10,3,297.60
Sari-Sari Store,Tostillas Potato Chips Spicy 100 g 3-pack,SSS-000185,,grocery,bundle,,3,15,5,152.64
Sari-Sari Store,Lucky Me! Cup Noodles Beef 40 g 3-pack,SSS-000186,,grocery,bundle,,2,11,3,57.60
Sari-Sari Store,Jolly Cooking Oil Vegetable 1 L 2-pack,SSS-000187,,grocery,bundle,,0,7,2,224.00
Sari-Sari Store,Lucky Me! Instant Noodles Beef 65 g 5-pack,SSS-000188,,grocery,bundle,,23,9,3,65.80
Sari-Sari Store,Cream-O Snack Crackers Peanut 50 g 3-pack,SSS-000189,,grocery,bundle,,57,6,2,31.20
Sari-Sari Store,Century Tuna Tuna Flakes in Oil 155 g 3-pack,SSS-000190,,grocery,bundle,,53,7,2,104.34
Sari-Sari Store,Rebisco Snack Crackers Butter 200 g,SSS-000191,,grocery,pack,,43,9,3,38.76
Sari-Sari Store,Hansel Snack Crackers Cream 25 g,SSS-000192,,grocery,pack,,21,16,5,4.90
Sari-Sari Store,Maggi Instant Noodles Spicy Seafood 60 g,SSS-000193,,grocery,pack,,13,13,4,11.00
Sari-Sari Store,QuickChow Cup Noodles Creamy Seafood 40 g,SSS-000194,,grocery,cup,,7,8,2,20.00
Sari-Sari Store,Payless Instant Noodles Bulalo 65 g,SSS-000195,,grocery,pack,,14,14,4,13.44
Sari-Sari Store,SkyFlakes Snack Crackers Peanut 100 g 3-pack,SSS-000196,,grocery,bundle,,25,13,4,56.40
Sari-Sari Store,Clover Potato Chips Spicy 100 g 3-pack,SSS-000197,,grocery,bundle,,12,12,4,146.88
Sari-Sari Store,Dinorado Premium Rice Glutinous 2 kg 2-pack,SSS-000198,,grocery,bundle,,4,18,6,246.96
Sari-Sari Store,Ajinomoto Seasoning Mix Tinola 10 g 6-pack,SSS-000199,,grocery,bundle,,11,12,4,29.40
Sari-Sari Store,Nova Potato Chips Cheese 100 g 3-pack,SSS-000200,,grocery,bundle,,34,18,6,141.12
Sari-Sari Store,555 Tuna Hot & Spicy 180 g 3-pack,SSS-000201,,grocery,bundle,,43,10,3,129.60
Sari-Sari Store,QuickChow Instant Noodles Bulalo 55 g,SSS-000202,,grocery,pack,,28,10,3,9.18
Sari-Sari Store,Minola Cooking Oil Canola 100 mL,SSS-000203,,grocery,pouch,,56,16,5,15.04
Sari-Sari Store,Argentina Corned Beef Original 260 g,SSS-000204,,grocery,can,,50,6,2,63.92
Sari-Sari Store,Clover Potato Chips Barbecue 35 g 3-pack,SSS-000205,,grocery,bundle,,40,16,5,55.08
Sari-Sari Store,Ligo Sardines Tomato with Chili 425 g 6-pack,SSS-000206,,grocery,bundle,,53,18,6,311.04
Sari-Sari Store,Nissin Cup Noodles Bulalo 65 g 3-pack,SSS-000207,,grocery,bundle,,19,9,3,90.24
Sari-Sari Store,Century Tuna Tuna Calamansi 155 g 3-pack,SSS-000208,,grocery,bundle,,35,10,3,104.34
Sari-Sari Store,Maggi Seasoning Mix Beef 50 g 6-pack,SSS-000209,,grocery,bundle,,44,11,3,103.68
Sari-Sari Store,Young's Town Sardines Hot & Spicy 425 g 6-pack,SSS-000210,,grocery,bundle,,14,14,4,324.00
Sari-Sari Store,Nissin Cup Noodles Creamy Seafood 55 g,SSS-000211,,grocery,cup,,26,11,3,24.44
Sari-Sari Store,Young's Town Sardines Tomato with Chili 155 g,SSS-000212,,grocery,can,,29,13,4,25.00
Sari-Sari Store,Marie Snack Crackers Peanut 50 g 3-pack,SSS-000213,,grocery,bundle,,3,15,5,30.00
Sari-Sari Store,Lucky Me! Instant Noodles Extra Hot 65 g 5-pack,SSS-000214,,grocery,bundle,,32,15,5,65.80
Sari-Sari Store,Chippy Potato Chips Salted 100 g 3-pack,SSS-000215,,grocery,bundle,,37,15,5,144.00
Sari-Sari Store,Ajinomoto Seasoning Mix Sinigang 10 g,SSS-000216,,grocery,sachet,,18,13,4,4.90
Sari-Sari Store,Clover Potato Chips Cheese 100 g,SSS-000217,,grocery,pack,,27,12,4,48.96
Sari-Sari Store,Marie Snack Crackers Peanut 50 g,SSS-000218,,grocery,pack,,19,11,3,10.00
Sari-Sari Store,Sinandomeng Select Rice Brown 10 kg,SSS-000219,,grocery,bag,,9,15,5,585.60
Sari-Sari Store,Marca Pina Vinegar Cane 250 mL,SSS-000220,,grocery,bottle,,51,18,6,15.68
Sari-Sari Store,Piattos Potato Chips Cheese 60 g,SSS-000221,,grocery,pack,,52,7,2,28.80
Sari-Sari Store,Hansel Snack Crackers Butter 100 g,SSS-000222,,grocery,pack,,11,18,6,19.60
Sari-Sari Store,Hansel Snack Crackers Original 25 g 3-pack,SSS-000223,,grocery,bundle,,31,15,5,14.70
Sari-Sari Store,Lucky Me! Pancit Canton Original 70 g,SSS-000224,,grocery,pack,,12,10,3,15.04
Sari-Sari Store,Jasmine Select Rice Glutinous 2 kg,SSS-000225,,grocery,bag,,34,12,4,126.00
Sari-Sari Store,Local Harvest Rice Glutinous 1 kg,SSS-000226,,grocery,bag,,57,14,4,60.16
Sari-Sari Store,Golden Fiesta Cooking Oil Coconut 1 L,SSS-000227,,grocery,bottle,,27,6,2,107.52
Sari-Sari Store,Argentina Corned Beef Chili 260 g,SSS-000228,,grocery,can,,34,17,5,63.92
Sari-Sari Store,Young's Town Sardines Tomato Sauce 425 g 6-pack,SSS-000229,,grocery,bundle,,3,18,6,324.00
Sari-Sari Store,Knorr Seasoning Mix Tinola 50 g,SSS-000230,,grocery,pack,,56,7,2,16.92
Sari-Sari Store,Maggi Seasoning Mix Tinola 50 g,SSS-000231,,grocery,pack,,26,12,4,17.28
Sari-Sari Store,Rebisco Snack Crackers Original 100 g,SSS-000232,,grocery,pack,,18,17,5,20.40
Sari-Sari Store,Jolly Cooking Oil Canola 100 mL 2-pack,SSS-000233,,grocery,bundle,,14,18,6,32.00
Sari-Sari Store,Nissin Cup Noodles Spicy 65 g,SSS-000234,,grocery,cup,,27,15,5,30.08
Sari-Sari Store,UFC Ketchup Sweet & Spicy 250 g,SSS-000235,,grocery,pouch,,51,9,3,26.32
Sari-Sari Store,Datu Puti Soy Sauce Less Sodium 100 mL 2-pack,SSS-000236,,grocery,bundle,,36,6,2,15.04
Sari-Sari Store,SkyFlakes Snack Crackers Cream 100 g,SSS-000237,,grocery,pack,,11,7,2,18.80
Sari-Sari Store,Del Monte Ketchup Tomato 250 g 2-pack,SSS-000238,,grocery,bundle,,57,11,3,53.76
Sari-Sari Store,Piattos Potato Chips Barbecue 35 g,SSS-000239,,grocery,pack,,11,9,3,17.28
Sari-Sari Store,Nissin Instant Noodles Sweet & Spicy 60 g 5-pack,SSS-000240,,grocery,bundle,,27,11,3,53.90
Sari-Sari Store,Minola Cooking Oil Vegetable 500 mL,SSS-000241,,grocery,bottle,,26,6,2,55.46
Sari-Sari Store,QuickChow Instant Noodles Extra Hot 75 g,SSS-000242,,grocery,pack,,29,13,4,18.36
Sari-Sari Store,Sinandomeng Select Rice Glutinous 2 kg,SSS-000243,,grocery,bag,,6,9,3,120.96
Sari-Sari Store,V-Cut Potato Chips Spicy 35 g,SSS-000244,,grocery,pack,,6,8,2,18.72
Sari-Sari Store,Baguio Cooking Oil Palm 250 mL,SSS-000245,,grocery,bottle,,14,14,4,31.36
Sari-Sari Store,Ho-Mi Instant Noodles Seafood 75 g 5-pack,SSS-000246,,grocery,bundle,,16,9,3,93.60
Sari-Sari Store,Clover Potato Chips Garlic 100 g,SSS-000247,,grocery,pack,,8,18,6,48.96
Sari-Sari Store,Mega Tuna Afritada 155 g,SSS-000248,,grocery,can,,26,17,5,36.26
Sari-Sari Store,Lucky Me! Pancit Canton Sweet & Spicy 70 g,SSS-000249,,grocery,pack,,43,17,5,15.04
Sari-Sari Store,Nissin Cup Noodles Spicy 40 g,SSS-000250,,grocery,cup,,48,11,3,18.80
Sari-Sari Store,Baguio Cooking Oil Coconut 100 mL 2-pack,SSS-000251,,grocery,bundle,,36,6,2,31.36
Sari-Sari Store,Dinorado Premium Rice Premium 10 kg,SSS-000252,,grocery,bag,,17,12,4,597.80
Sari-Sari Store,Fita Snack Crackers Butter 25 g 3-pack,SSS-000253,,grocery,bundle,,47,17,5,14.40
Sari-Sari Store,Highlands Corned Beef Chili 150 g 3-pack,SSS-000254,,grocery,bundle,,59,13,4,105.84
Sari-Sari Store,Lucky Me! Cup Noodles Spicy 65 g 3-pack,SSS-000255,,grocery,bundle,,58,7,2,92.16
Sari-Sari Store,Maggi Instant Noodles Chicken 55 g 5-pack,SSS-000256,,grocery,bundle,,33,15,5,45.00
Sari-Sari Store,Hansel Snack Crackers Butter 100 g 3-pack,SSS-000257,,grocery,bundle,,13,17,5,58.80
Sari-Sari Store,Clover Potato Chips Barbecue 20 g 3-pack,SSS-000258,,grocery,bundle,,53,10,3,30.60
Sari-Sari Store,Century Tuna Tuna Flakes in Oil 425 g,SSS-000259,,grocery,can,,23,12,4,74.26
Sari-Sari Store,QuickChow Instant Noodles Sweet & Spicy 75 g,SSS-000260,,grocery,pack,,53,7,2,18.36
Sari-Sari Store,Piattos Potato Chips Garlic 35 g,SSS-000261,,grocery,pack,,17,15,5,17.28
Sari-Sari Store,Marca Pina Soy Sauce Less Sodium 500 mL,SSS-000262,,grocery,bottle,,35,14,4,28.42
Sari-Sari Store,Payless Instant Noodles Extra Hot 75 g 5-pack,SSS-000263,,grocery,bundle,,13,6,2,86.40
Sari-Sari Store,Payless Pancit Canton Sweet & Spicy 70 g,SSS-000264,,grocery,pack,,36,12,4,15.36
Sari-Sari Store,Fita Snack Crackers Chocolate 100 g,SSS-000265,,grocery,pack,,20,16,5,19.20
Sari-Sari Store,Hansel Snack Crackers Cream 50 g 3-pack,SSS-000266,,grocery,bundle,,12,9,3,29.40
Sari-Sari Store,QuickChow Instant Noodles Original 55 g 5-pack,SSS-000267,,grocery,bundle,,3,11,3,45.90
Sari-Sari Store,SkyFlakes Snack Crackers Original 25 g 3-pack,SSS-000268,,grocery,bundle,,56,12,4,14.10
Sari-Sari Store,Nissin Instant Noodles Extra Hot 75 g 5-pack,SSS-000269,,grocery,bundle,,53,7,2,88.20
Sari-Sari Store,Cream-O Snack Crackers Original 25 g 3-pack,SSS-000270,,grocery,bundle,,55,16,5,15.60
Sari-Sari Store,Datu Puti Soy Sauce Less Sodium 500 mL,SSS-000271,,grocery,bottle,,1,10,3,27.26
Sari-Sari Store,SkyFlakes Snack Crackers Butter 100 g 3-pack,SSS-000272,,grocery,bundle,,40,18,6,56.40
Sari-Sari Store,Nissin Instant Noodles Bulalo 75 g,SSS-000273,,grocery,pack,,50,16,5,17.64
Sari-Sari Store,Ajinomoto Seasoning Mix Sinigang 50 g 6-pack,SSS-000274,,grocery,bundle,,1,6,2,105.84
Sari-Sari Store,QuickChow Pancit Canton Chilimansi 60 g,SSS-000275,,grocery,pack,,24,12,4,14.00
Sari-Sari Store,Lucky Me! Instant Noodles Beef 60 g,SSS-000276,,grocery,pack,,21,8,2,10.34
Sari-Sari Store,Payless Cup Noodles Spicy 40 g 3-pack,SSS-000277,,grocery,bundle,,28,9,3,58.80
Sari-Sari Store,Golden Fiesta Cooking Oil Vegetable 500 mL 2-pack,SSS-000278,,grocery,bundle,,45,16,5,113.28
Sari-Sari Store,Fita Snack Crackers Peanut 200 g,SSS-000279,,grocery,pack,,7,11,3,36.48
Sari-Sari Store,Nissin Pancit Canton Kalamansi 70 g 6-pack,SSS-000280,,grocery,bundle,,16,18,6,94.08
Sari-Sari Store,Ajinomoto Seasoning Mix Beef 25 g 6-pack,SSS-000281,,grocery,bundle,,18,9,3,58.80
Sari-Sari Store,Sinandomeng Select Rice Brown 5 kg 2-pack,SSS-000282,,grocery,bundle,,52,9,3,595.20
Sari-Sari Store,Maggi Seasoning Mix All-Purpose 25 g 6-pack,SSS-000283,,grocery,bundle,,55,13,4,57.60
Sari-Sari Store,Jolly Cooking Oil Palm 2 L 2-pack,SSS-000284,,grocery,bundle,,40,6,2,436.00
Sari-Sari Store,Tostillas Potato Chips Salted 20 g,SSS-000285,,grocery,pack,,8,15,5,10.60
Sari-Sari Store,Ho-Mi Instant Noodles Original 65 g,SSS-000286,,grocery,pack,,3,6,2,14.56
Sari-Sari Store,QuickChow Pancit Canton Original 80 g,SSS-000287,,grocery,pack,,4,15,5,19.00
Sari-Sari Store,Baguio Cooking Oil Coconut 500 mL 2-pack,SSS-000288,,grocery,bundle,,18,7,2,115.64
Sari-Sari Store,Nissin Instant Noodles Spicy Seafood 65 g,SSS-000289,,grocery,pack,,8,9,3,13.72
Sari-Sari Store,Payless Instant Noodles Seafood 75 g 5-pack,SSS-000290,,grocery,bundle,,35,12,4,86.40
Sari-Sari Store,Payless Instant Noodles Spicy Seafood 55 g 5-pack,SSS-000291,,grocery,bundle,,23,16,5,43.20
Sari-Sari Store,Mama Sita's Seasoning Mix All-Purpose 50 g,SSS-000292,,grocery,pack,,20,11,3,18.00
Sari-Sari Store,Jolly Cooking Oil Palm 250 mL 2-pack,SSS-000293,,grocery,bundle,,51,7,2,64.00
Sari-Sari Store,Lucky Me! Instant Noodles Sweet & Spicy 55 g,SSS-000294,,grocery,pack,,26,15,5,8.46
Sari-Sari Store,Nissin Cup Noodles Beef 55 g 3-pack,SSS-000295,,grocery,bundle,,31,7,2,73.32
Sari-Sari Store,QuickChow Cup Noodles Chicken 55 g,SSS-000296,,grocery,cup,,23,15,5,26.00
Sari-Sari Store,Young's Town Sardines Tomato Sauce 155 g 6-pack,SSS-000297,,grocery,bundle,,53,6,2,150.00
Sari-Sari Store,Nissin Pancit Canton Original 70 g,SSS-000298,,grocery,pack,,23,13,4,15.68
Sari-Sari Store,Oishi Potato Chips Spicy 100 g,SSS-000299,,grocery,pack,,57,12,4,45.12
Sari-Sari Store,Ho-Mi Instant Noodles Original 60 g,SSS-000300,,grocery,pack,,22,14,4,11.44
Sari-Sari Store,Argentina Corned Beef Chili 380 g,SSS-000301,,grocery,can,,46,15,5,92.12
Sari-Sari Store,Jasmine Select Rice Glutinous 1 kg,SSS-000302,,grocery,bag,,49,9,3,64.00
Sari-Sari Store,Purefoods Corned Beef Chili 260 g 3-pack,SSS-000303,,grocery,bundle,,37,13,4,195.84
Sari-Sari Store,Purefoods Corned Beef Garlic 260 g 3-pack,SSS-000304,,grocery,bundle,,14,13,4,195.84
Sari-Sari Store,Piattos Potato Chips Sour Cream 20 g 3-pack,SSS-000305,,grocery,bundle,,37,12,4,28.80
Sari-Sari Store,Lucky Me! Instant Noodles Chicken 55 g,SSS-000306,,grocery,pack,,57,11,3,8.46
Sari-Sari Store,Nova Potato Chips Spicy 35 g 3-pack,SSS-000307,,grocery,bundle,,28,7,2,52.92
Sari-Sari Store,Clover Potato Chips Sour Cream 35 g 3-pack,SSS-000308,,grocery,bundle,,25,13,4,55.08
Sari-Sari Store,Silver Swan Soy Sauce Regular 1 L,SSS-000309,,grocery,bottle,,20,7,2,52.80
Sari-Sari Store,Ajinomoto Seasoning Mix Beef 25 g,SSS-000310,,grocery,pack,,53,17,5,9.80
Sari-Sari Store,Mama Sita's Seasoning Mix Beef 10 g,SSS-000311,,grocery,sachet,,58,13,4,5.00
Sari-Sari Store,Hansel Snack Crackers Butter 50 g 3-pack,SSS-000312,,grocery,bundle,,20,8,2,29.40
Sari-Sari Store,Datu Puti Soy Sauce Regular 1 L 2-pack,SSS-000313,,grocery,bundle,,49,15,5,103.40
Sari-Sari Store,Marca Pina Soy Sauce Regular 250 mL 2-pack,SSS-000314,,grocery,bundle,,42,15,5,33.32
Sari-Sari Store,Baguio Cooking Oil Vegetable 2 L 2-pack,SSS-000315,,grocery,bundle,,22,9,3,427.28
Sari-Sari Store,UFC Ketchup Banana 1 kg 2-pack,SSS-000316,,grocery,bundle,,30,11,3,197.40
Sari-Sari Store,Marie Snack Crackers Peanut 100 g 3-pack,SSS-000317,,grocery,bundle,,54,12,4,60.00
Sari-Sari Store,Jolly Cooking Oil Canola 500 mL,SSS-000318,,grocery,bottle,,6,11,3,59.00
Sari-Sari Store,Nissin Instant Noodles Seafood 65 g,SSS-000319,,grocery,pack,,58,6,2,13.72
Sari-Sari Store,Nissin Pancit Canton Extra Hot 60 g,SSS-000320,,grocery,pack,,51,12,4,13.72
Sari-Sari Store,Young's Town Sardines Hot & Spicy 155 g 6-pack,SSS-000321,,grocery,bundle,,7,17,5,150.00
Sari-Sari Store,SkyFlakes Snack Crackers Chocolate 100 g,SSS-000322,,grocery,pack,,59,6,2,18.80
Sari-Sari Store,Highlands Corned Beef Original 175 g 3-pack,SSS-000323,,grocery,bundle,,14,14,4,129.36
Sari-Sari Store,Purefoods Corned Beef Garlic 380 g 3-pack,SSS-000324,,grocery,bundle,,48,16,5,282.24
Sari-Sari Store,Marca Pina Soy Sauce Regular 500 mL,SSS-000325,,grocery,bottle,,17,17,5,28.42
Sari-Sari Store,Argentina Corned Beef Chili 175 g,SSS-000326,,grocery,can,,39,6,2,41.36
Sari-Sari Store,Datu Puti Soy Sauce Premium 500 mL 2-pack,SSS-000327,,grocery,bundle,,26,17,5,54.52
Sari-Sari Store,Cream-O Snack Crackers Original 200 g 3-pack,SSS-000328,,grocery,bundle,,42,15,5,118.56
Sari-Sari Store,Datu Puti Soy Sauce Premium 1 L,SSS-000329,,grocery,bottle,,10,11,3,51.70
Sari-Sari Store,Piattos Potato Chips Cheese 100 g 3-pack,SSS-000330,,grocery,bundle,,42,12,4,138.24
Sari-Sari Store,Ho-Mi Instant Noodles Bulalo 60 g,SSS-000331,,grocery,pack,,26,17,5,11.44
Sari-Sari Store,555 Tuna Afritada 155 g,SSS-000332,,grocery,can,,39,7,2,35.52
Sari-Sari Store,Tostillas Potato Chips Cheese 35 g,SSS-000333,,grocery,pack,,0,10,3,19.08
Sari-Sari Store,V-Cut Potato Chips Sour Cream 100 g 3-pack,SSS-000334,,grocery,bundle,,49,8,2,149.76
Sari-Sari Store,Payless Cup Noodles Bulalo 55 g,SSS-000335,,grocery,cup,,58,18,6,25.48
Sari-Sari Store,Highlands Corned Beef Chili 175 g 3-pack,SSS-000336,,grocery,bundle,,6,15,5,129.36
Sari-Sari Store,Nova Potato Chips Spicy 60 g 3-pack,SSS-000337,,grocery,bundle,,26,7,2,88.20
Sari-Sari Store,V-Cut Potato Chips Salted 20 g 3-pack,SSS-000338,,grocery,bundle,,60,17,5,31.20
Sari-Sari Store,Tostillas Potato Chips Cheese 35 g 3-pack,SSS-000339,,grocery,bundle,,42,17,5,57.24
Sari-Sari Store,Lucky Me! Instant Noodles Bulalo 65 g 5-pack,SSS-000340,,grocery,bundle,,56,18,6,65.80
Sari-Sari Store,Chippy Potato Chips Cheese 60 g 3-pack,SSS-000341,,grocery,bundle,,44,8,2,90.00
Sari-Sari Store,Piattos Potato Chips Sour Cream 35 g,SSS-000342,,grocery,pack,,25,6,2,17.28
Sari-Sari Store,Datu Puti Vinegar White 250 mL,SSS-000343,,grocery,bottle,,5,11,3,15.04
Sari-Sari Store,Clover Potato Chips Garlic 60 g,SSS-000344,,grocery,pack,,34,16,5,30.60
Sari-Sari Store,Mega Sardines Spanish Style 155 g,SSS-000345,,grocery,can,,47,14,4,24.50
Sari-Sari Store,Marie Snack Crackers Chocolate 100 g 3-pack,SSS-000346,,grocery,bundle,,38,7,2,60.00
Sari-Sari Store,Hansel Snack Crackers Peanut 25 g 3-pack,SSS-000347,,grocery,bundle,,9,16,5,14.70
Sari-Sari Store,Payless Instant Noodles Seafood 65 g 5-pack,SSS-000348,,grocery,bundle,,28,18,6,67.20
Sari-Sari Store,Marie Snack Crackers Butter 200 g 3-pack,SSS-000349,,grocery,bundle,,1,18,6,114.00
Sari-Sari Store,QuickChow Instant Noodles Chicken 65 g 5-pack,SSS-000350,,grocery,bundle,,31,12,4,71.40
Sari-Sari Store,Oishi Potato Chips Salted 35 g,SSS-000351,,grocery,pack,,35,7,2,16.92
Sari-Sari Store,Maggi Instant Noodles Extra Hot 60 g,SSS-000352,,grocery,pack,,9,6,2,11.00
Sari-Sari Store,Sinandomeng Select Rice Premium 1 kg 2-pack,SSS-000353,,grocery,bundle,,41,8,2,122.88
Sari-Sari Store,Payless Pancit Canton Original 80 g 6-pack,SSS-000354,,grocery,bundle,,18,11,3,109.44
Sari-Sari Store,Baguio Cooking Oil Palm 100 mL,SSS-000355,,grocery,pouch,,27,8,2,15.68
Sari-Sari Store,Minola Cooking Oil Coconut 2 L 2-pack,SSS-000356,,grocery,bundle,,48,11,3,409.84
Sari-Sari Store,QuickChow Cup Noodles Seafood 40 g 3-pack,SSS-000357,,grocery,bundle,,37,15,5,60.00
Sari-Sari Store,Marca Pina Soy Sauce Less Sodium 500 mL 2-pack,SSS-000358,,grocery,bundle,,55,17,5,56.84
Sari-Sari Store,Nissin Instant Noodles Chicken 75 g 5-pack,SSS-000359,,grocery,bundle,,35,7,2,88.20
Sari-Sari Store,Lucky Me! Cup Noodles Seafood 40 g 3-pack,SSS-000360,,grocery,bundle,,15,14,4,57.60
Sari-Sari Store,Ho-Mi Instant Noodles Spicy Seafood 75 g 5-pack,SSS-000361,,grocery,bundle,,58,11,3,93.60
Sari-Sari Store,QuickChow Instant Noodles Spicy Seafood 55 g 5-pack,SSS-000362,,grocery,bundle,,18,9,3,45.90
Sari-Sari Store,Sinandomeng Select Rice Glutinous 5 kg,SSS-000363,,grocery,bag,,36,6,2,297.60
Sari-Sari Store,V-Cut Potato Chips Garlic 35 g 3-pack,SSS-000364,,grocery,bundle,,10,17,5,56.16
Sari-Sari Store,Jersey Ketchup Banana 1 kg 2-pack,SSS-000365,,grocery,bundle,,42,18,6,205.80
Sari-Sari Store,Nissin Instant Noodles Beef 60 g,SSS-000366,,grocery,pack,,28,9,3,10.78
Sari-Sari Store,Jolly Cooking Oil Coconut 250 mL,SSS-000367,,grocery,bottle,,8,18,6,32.00
Sari-Sari Store,Payless Cup Noodles Spicy 55 g 3-pack,SSS-000368,,grocery,bundle,,46,12,4,76.44
Sari-Sari Store,Payless Instant Noodles Seafood 75 g,SSS-000369,,grocery,pack,,29,12,4,17.28
Sari-Sari Store,Marca Pina Vinegar Cane 100 mL,SSS-000370,,grocery,bottle,,10,7,2,7.84
Sari-Sari Store,Sinandomeng Select Rice Well-Milled 2 kg,SSS-000371,,grocery,bag,,29,11,3,120.96
Sari-Sari Store,Maggi Instant Noodles Original 55 g,SSS-000372,,grocery,pack,,53,8,2,9.00
Sari-Sari Store,Ho-Mi Instant Noodles Chicken 55 g,SSS-000373,,grocery,pack,,5,10,3,9.36
Sari-Sari Store,QuickChow Instant Noodles Seafood 65 g,SSS-000374,,grocery,pack,,54,6,2,14.28
Sari-Sari Store,Lucky Me! Instant Noodles Spicy Seafood 65 g,SSS-000375,,grocery,pack,,42,18,6,13.16
Sari-Sari Store,Rebisco Snack Crackers Original 200 g,SSS-000376,,grocery,pack,,16,18,6,38.76
Sari-Sari Store,V-Cut Potato Chips Salted 100 g,SSS-000377,,grocery,pack,,22,7,2,49.92
Sari-Sari Store,Lucky Me! Instant Noodles Seafood 75 g 5-pack,SSS-000378,,grocery,bundle,,52,14,4,84.60
Sari-Sari Store,Tostillas Potato Chips Garlic 100 g 3-pack,SSS-000379,,grocery,bundle,,40,11,3,152.64
Sari-Sari Store,Tostillas Potato Chips Cheese 60 g,SSS-000380,,grocery,pack,,57,11,3,31.80
Sari-Sari Store,Lucky Me! Cup Noodles Beef 40 g,SSS-000381,,grocery,cup,,9,13,4,19.20
Sari-Sari Store,Jasmine Select Rice Glutinous 10 kg 2-pack,SSS-000382,,grocery,bundle,,6,9,3,1220.00
Sari-Sari Store,Silver Swan Vinegar Spiced 1 L 2-pack,SSS-000383,,grocery,bundle,,8,6,2,94.08
Sari-Sari Store,Marie Snack Crackers Peanut 25 g,SSS-000384,,grocery,pack,,15,13,4,5.00
Sari-Sari Store,Marca Pina Vinegar Cane 1 L,SSS-000385,,grocery,bottle,,33,15,5,48.02
Sari-Sari Store,Lucky Me! Instant Noodles Beef 75 g,SSS-000386,,grocery,pack,,48,14,4,16.92
Sari-Sari Store,Chippy Potato Chips Barbecue 20 g 3-pack,SSS-000387,,grocery,bundle,,31,7,2,30.00
Sari-Sari Store,Cream-O Snack Crackers Original 200 g,SSS-000388,,grocery,pack,,10,10,3,39.52
Sari-Sari Store,QuickChow Instant Noodles Original 55 g,SSS-000389,,grocery,pack,,1,6,2,9.18
Sari-Sari Store,Piattos Potato Chips Cheese 35 g,SSS-000390,,grocery,pack,,47,9,3,17.28
Sari-Sari Store,Jersey Ketchup Sweet & Spicy 100 g 2-pack,SSS-000391,,grocery,bundle,,5,6,2,23.52
Sari-Sari Store,Maggi Instant Noodles Chicken 60 g 5-pack,SSS-000392,,grocery,bundle,,59,11,3,55.00
Sari-Sari Store,Lucky Me! Instant Noodles Beef 55 g 5-pack,SSS-000393,,grocery,bundle,,34,7,2,42.30
Sari-Sari Store,Datu Puti Vinegar Cane 500 mL 2-pack,SSS-000394,,grocery,bundle,,56,17,5,50.76
Sari-Sari Store,Ho-Mi Instant Noodles Spicy Seafood 55 g 5-pack,SSS-000395,,grocery,bundle,,7,13,4,46.80
Sari-Sari Store,Lucky Me! Pancit Canton Original 60 g,SSS-000396,,grocery,pack,,60,17,5,13.16
Sari-Sari Store,Mega Sardines Tomato with Chili 425 g 6-pack,SSS-000397,,grocery,bundle,,11,11,3,317.52
Sari-Sari Store,Lucky Me! Cup Noodles Bulalo 65 g,SSS-000398,,grocery,cup,,32,8,2,30.72
Sari-Sari Store,Ho-Mi Instant Noodles Beef 60 g,SSS-000399,,grocery,pack,,44,7,2,11.44
Sari-Sari Store,Clover Potato Chips Spicy 20 g 3-pack,SSS-000400,,grocery,bundle,,43,15,5,30.60
Sari-Sari Store,Lucky Me! Instant Noodles Original 65 g,SSS-000401,,grocery,pack,,9,7,2,13.16
Sari-Sari Store,Payless Instant Noodles Original 55 g 5-pack,SSS-000402,,grocery,bundle,,42,18,6,43.20
Sari-Sari Store,Marca Pina Vinegar White 1 L,SSS-000403,,grocery,bottle,,36,10,3,48.02
Sari-Sari Store,Clover Potato Chips Salted 35 g,SSS-000404,,grocery,pack,,24,13,4,18.36
Sari-Sari Store,Sinandomeng Select Rice Brown 1 kg 2-pack,SSS-000405,,grocery,bundle,,45,15,5,122.88
Sari-Sari Store,Chippy Potato Chips Spicy 35 g,SSS-000406,,grocery,pack,,14,8,2,18.00
Sari-Sari Store,Nissin Pancit Canton Kalamansi 70 g,SSS-000407,,grocery,pack,,7,13,4,15.68
Sari-Sari Store,Maggi Seasoning Mix Pork 25 g,SSS-000408,,grocery,pack,,3,16,5,9.60
Sari-Sari Store,Knorr Seasoning Mix Chicken 10 g 6-pack,SSS-000409,,grocery,bundle,,9,18,6,28.20
Sari-Sari Store,Jolly Cooking Oil Canola 100 mL,SSS-000410,,grocery,pouch,,49,10,3,16.00
Sari-Sari Store,Marie Snack Crackers Cream 50 g 3-pack,SSS-000411,,grocery,bundle,,18,8,2,30.00
Sari-Sari Store,Nissin Instant Noodles Chicken 65 g,SSS-000412,,grocery,pack,,31,6,2,13.72
Sari-Sari Store,Clover Potato Chips Barbecue 100 g 3-pack,SSS-000413,,grocery,bundle,,7,11,3,146.88
Sari-Sari Store,Marie Snack Crackers Chocolate 25 g 3-pack,SSS-000414,,grocery,bundle,,49,8,2,15.00
Sari-Sari Store,Clover Potato Chips Sour Cream 100 g,SSS-000415,,grocery,pack,,11,16,5,48.96
Sari-Sari Store,Ho-Mi Instant Noodles Bulalo 55 g,SSS-000416,,grocery,pack,,35,10,3,9.36
Sari-Sari Store,Ho-Mi Instant Noodles Beef 60 g 5-pack,SSS-000417,,grocery,bundle,,9,7,2,57.20
Sari-Sari Store,Highlands Corned Beef Chili 150 g,SSS-000418,,grocery,can,,21,9,3,35.28
Sari-Sari Store,Young's Town Sardines Hot & Spicy 155 g,SSS-000419,,grocery,can,,9,13,4,25.00
Sari-Sari Store,Highlands Corned Beef Original 380 g,SSS-000420,,grocery,can,,9,17,5,96.04
Sari-Sari Store,Baguio Cooking Oil Canola 100 mL 2-pack,SSS-000421,,grocery,bundle,,50,10,3,31.36
Sari-Sari Store,Piattos Potato Chips Barbecue 20 g,SSS-000422,,grocery,pack,,23,9,3,9.60
Sari-Sari Store,Mega Tuna Adobo 180 g,SSS-000423,,grocery,can,,13,15,5,44.10
Sari-Sari Store,Lucky Me! Instant Noodles Seafood 65 g 5-pack,SSS-000424,,grocery,bundle,,38,12,4,65.80
Sari-Sari Store,Marca Pina Soy Sauce Less Sodium 100 mL 2-pack,SSS-000425,,grocery,bundle,,30,12,4,15.68
Sari-Sari Store,Tostillas Potato Chips Garlic 35 g 3-pack,SSS-000426,,grocery,bundle,,47,18,6,57.24
Sari-Sari Store,Tostillas Potato Chips Barbecue 20 g 3-pack,SSS-000427,,grocery,bundle,,57,15,5,31.80
Sari-Sari Store,Lucky Me! Instant Noodles Sweet & Spicy 75 g 5-pack,SSS-000428,,grocery,bundle,,37,9,3,84.60
Sari-Sari Store,Sinandomeng Select Rice Brown 10 kg 2-pack,SSS-000429,,grocery,bundle,,14,18,6,1171.20
Sari-Sari Store,Payless Cup Noodles Bulalo 40 g,SSS-000430,,grocery,cup,,31,12,4,19.60
Sari-Sari Store,Payless Instant Noodles Chicken 75 g 5-pack,SSS-000431,,grocery,bundle,,6,9,3,86.40
Sari-Sari Store,Tostillas Potato Chips Cheese 100 g,SSS-000432,,grocery,pack,,47,14,4,50.88
Sari-Sari Store,Sinandomeng Select Rice Well-Milled 1 kg,SSS-000433,,grocery,bag,,46,18,6,61.44
Sari-Sari Store,Argentina Corned Beef Garlic 150 g 3-pack,SSS-000434,,grocery,bundle,,29,18,6,101.52
Sari-Sari Store,Mama Sita's Seasoning Mix Tinola 10 g,SSS-000435,,grocery,sachet,,21,10,3,5.00
Sari-Sari Store,Minola Cooking Oil Vegetable 2 L,SSS-000436,,grocery,bottle,,21,18,6,204.92
Sari-Sari Store,Nova Potato Chips Garlic 20 g,SSS-000437,,grocery,pack,,6,10,3,9.80
Sari-Sari Store,Cream-O Snack Crackers Peanut 200 g 3-pack,SSS-000438,,grocery,bundle,,5,18,6,118.56
Sari-Sari Store,Lucky Me! Instant Noodles Extra Hot 75 g 5-pack,SSS-000439,,grocery,bundle,,43,8,2,84.60
Sari-Sari Store,Rebisco Snack Crackers Butter 25 g 3-pack,SSS-000440,,grocery,bundle,,51,16,5,15.30
Sari-Sari Store,Lucky Me! Cup Noodles Beef 55 g 3-pack,SSS-000441,,grocery,bundle,,21,14,4,74.88
Sari-Sari Store,Jersey Ketchup Sweet & Spicy 320 g,SSS-000442,,grocery,bottle,,0,13,4,38.22
Sari-Sari Store,Minola Cooking Oil Coconut 500 mL 2-pack,SSS-000443,,grocery,bundle,,20,10,3,110.92
Sari-Sari Store,Rebisco Snack Crackers Butter 50 g 3-pack,SSS-000444,,grocery,bundle,,59,6,2,30.60
Sari-Sari Store,Datu Puti Soy Sauce Premium 250 mL,SSS-000445,,grocery,bottle,,8,9,3,15.98
Sari-Sari Store,Fita Snack Crackers Chocolate 200 g 3-pack,SSS-000446,,grocery,bundle,,9,16,5,109.44
Sari-Sari Store,Jersey Ketchup Tomato 250 g,SSS-000447,,grocery,pouch,,56,9,3,27.44
Sari-Sari Store,V-Cut Potato Chips Salted 100 g 3-pack,SSS-000448,,grocery,bundle,,36,13,4,149.76
Sari-Sari Store,Mama Sita's Seasoning Mix All-Purpose 10 g 6-pack,SSS-000449,,grocery,bundle,,22,17,5,30.00
Sari-Sari Store,Lucky Me! Pancit Canton Chilimansi 70 g,SSS-000450,,grocery,pack,,31,17,5,15.04
Sari-Sari Store,Silver Swan Vinegar White 500 mL 2-pack,SSS-000451,,grocery,bundle,,28,7,2,51.84
Sari-Sari Store,Knorr Seasoning Mix Sinigang 10 g,SSS-000452,,grocery,sachet,,31,17,5,4.70
Sari-Sari Store,Datu Puti Vinegar White 100 mL,SSS-000453,,grocery,bottle,,10,17,5,7.52
Sari-Sari Store,Piattos Potato Chips Barbecue 60 g 3-pack,SSS-000454,,grocery,bundle,,58,6,2,86.40
Sari-Sari Store,Rebisco Snack Crackers Peanut 200 g,SSS-000455,,grocery,pack,,12,9,3,38.76
Sari-Sari Store,Jolly Cooking Oil Canola 2 L 2-pack,SSS-000456,,grocery,bundle,,41,18,6,436.00
Sari-Sari Store,Maggi Instant Noodles Bulalo 75 g,SSS-000457,,grocery,pack,,11,14,4,18.00
Sari-Sari Store,Marca Pina Soy Sauce Less Sodium 100 mL,SSS-000458,,grocery,bottle,,35,9,3,7.84
Sari-Sari Store,Clover Potato Chips Barbecue 100 g,SSS-000459,,grocery,pack,,32,8,2,48.96
Sari-Sari Store,Payless Instant Noodles Extra Hot 60 g 5-pack,SSS-000460,,grocery,bundle,,58,14,4,52.80
Sari-Sari Store,Maggi Instant Noodles Spicy Seafood 65 g,SSS-000461,,grocery,pack,,44,16,5,14.00
Sari-Sari Store,555 Sardines Hot & Spicy 425 g,SSS-000462,,grocery,can,,39,10,3,50.76
Sari-Sari Store,Argentina Corned Beef Chili 260 g 3-pack,SSS-000463,,grocery,bundle,,27,7,2,191.76
Sari-Sari Store,Hansel Snack Crackers Butter 200 g,SSS-000464,,grocery,pack,,40,11,3,37.24
Sari-Sari Store,V-Cut Potato Chips Barbecue 60 g 3-pack,SSS-000465,,grocery,bundle,,15,13,4,93.60
Sari-Sari Store,Marie Snack Crackers Original 100 g 3-pack,SSS-000466,,grocery,bundle,,2,18,6,60.00
Sari-Sari Store,Silver Swan Soy Sauce Less Sodium 250 mL 2-pack,SSS-000467,,grocery,bundle,,45,15,5,32.64
Sari-Sari Store,Clover Potato Chips Barbecue 20 g,SSS-000468,,grocery,pack,,54,8,2,10.20
Sari-Sari Store,Lucky Me! Instant Noodles Bulalo 75 g,SSS-000469,,grocery,pack,,30,16,5,16.92
Sari-Sari Store,V-Cut Potato Chips Cheese 100 g 3-pack,SSS-000470,,grocery,bundle,,21,11,3,149.76
Sari-Sari Store,Nissin Pancit Canton Kalamansi 60 g,SSS-000471,,grocery,pack,,10,13,4,13.72
Sari-Sari Store,Rebisco Snack Crackers Chocolate 200 g 3-pack,SSS-000472,,grocery,bundle,,1,18,6,116.28
Sari-Sari Store,Datu Puti Vinegar White 1 L 2-pack,SSS-000473,,grocery,bundle,,57,15,5,92.12
Sari-Sari Store,Lucky Me! Cup Noodles Creamy Seafood 40 g 3-pack,SSS-000474,,grocery,bundle,,50,18,6,57.60
Sari-Sari Store,Chippy Potato Chips Cheese 100 g 3-pack,SSS-000475,,grocery,bundle,,39,17,5,144.00
Sari-Sari Store,Payless Cup Noodles Creamy Seafood 55 g 3-pack,SSS-000476,,grocery,bundle,,26,9,3,76.44
Sari-Sari Store,Silver Swan Soy Sauce Premium 100 mL,SSS-000477,,grocery,bottle,,42,14,4,7.68
Sari-Sari Store,Mama Sita's Seasoning Mix All-Purpose 25 g 6-pack,SSS-000478,,grocery,bundle,,16,15,5,60.00
Sari-Sari Store,QuickChow Pancit Canton Chilimansi 80 g,SSS-000479,,grocery,pack,,30,17,5,19.00
Sari-Sari Store,Hansel Snack Crackers Peanut 200 g,SSS-000480,,grocery,pack,,19,12,4,37.24
Sari-Sari Store,555 Tuna Adobo 155 g,SSS-000481,,grocery,can,,35,13,4,35.52
Sari-Sari Store,Del Monte Ketchup Sweet & Spicy 1 kg,SSS-000482,,grocery,bottle,,59,9,3,100.80
Sari-Sari Store,Nova Potato Chips Garlic 100 g 3-pack,SSS-000483,,grocery,bundle,,25,15,5,141.12
Sari-Sari Store,Payless Instant Noodles Sweet & Spicy 55 g,SSS-000484,,grocery,pack,,29,9,3,8.64
Sari-Sari Store,Maggi Instant Noodles Extra Hot 55 g 5-pack,SSS-000485,,grocery,bundle,,55,7,2,45.00
Sari-Sari Store,Purefoods Corned Beef Original 260 g,SSS-000486,,grocery,can,,36,8,2,65.28
Sari-Sari Store,QuickChow Instant Noodles Beef 60 g 5-pack,SSS-000487,,grocery,bundle,,12,6,2,56.10
Sari-Sari Store,Cream-O Snack Crackers Cream 25 g 3-pack,SSS-000488,,grocery,bundle,,56,18,6,15.60
Sari-Sari Store,Marca Pina Soy Sauce Less Sodium 250 mL,SSS-000489,,grocery,bottle,,5,15,5,16.66
Sari-Sari Store,Payless Cup Noodles Beef 65 g 3-pack,SSS-000490,,grocery,bundle,,30,8,2,94.08
Sari-Sari Store,V-Cut Potato Chips Garlic 100 g 3-pack,SSS-000491,,grocery,bundle,,39,17,5,149.76
Sari-Sari Store,Maggi Instant Noodles Original 60 g 5-pack,SSS-000492,,grocery,bundle,,11,18,6,55.00
Sari-Sari Store,Jolly Cooking Oil Vegetable 100 mL 2-pack,SSS-000493,,grocery,bundle,,37,14,4,32.00
Sari-Sari Store,Maggi Seasoning Mix All-Purpose 50 g,SSS-000494,,grocery,pack,,55,12,4,17.28
Sari-Sari Store,Del Monte Ketchup Tomato 250 g,SSS-000495,,grocery,pouch,,55,16,5,26.88
Sari-Sari Store,SkyFlakes Snack Crackers Original 50 g,SSS-000496,,grocery,pack,,60,11,3,9.40
Sari-Sari Store,UFC Ketchup Tomato 320 g,SSS-000497,,grocery,bottle,,49,13,4,36.66
Sari-Sari Store,Dinorado Premium Rice Brown 2 kg 2-pack,SSS-000498,,grocery,bundle,,30,8,2,246.96
Sari-Sari Store,Golden Fiesta Cooking Oil Palm 250 mL 2-pack,SSS-000499,,grocery,bundle,,43,13,4,61.44
Sari-Sari Store,Nissin Cup Noodles Beef 40 g,SSS-000500,,grocery,cup,,13,6,2,18.80
Sari-Sari Store,Payless Instant Noodles Sweet & Spicy 75 g,SSS-000501,,grocery,pack,,48,17,5,17.28
Sari-Sari Store,Chippy Potato Chips Cheese 20 g,SSS-000502,,grocery,pack,,57,10,3,10.00
Sari-Sari Store,555 Sardines Tomato Sauce 425 g 6-pack,SSS-000503,,grocery,bundle,,58,16,5,304.56
Sari-Sari Store,Jersey Ketchup Banana 100 g,SSS-000504,,grocery,pouch,,47,10,3,11.76
Sari-Sari Store,Payless Pancit Canton Kalamansi 60 g,SSS-000505,,grocery,pack,,60,6,2,13.44
Sari-Sari Store,Lucky Me! Instant Noodles Extra Hot 55 g 5-pack,SSS-000506,,grocery,bundle,,42,6,2,42.30
Sari-Sari Store,Nova Potato Chips Barbecue 20 g 3-pack,SSS-000507,,grocery,bundle,,6,13,4,29.40
Sari-Sari Store,Golden Fiesta Cooking Oil Vegetable 1 L 2-pack,SSS-000508,,grocery,bundle,,51,11,3,215.04
Sari-Sari Store,Ho-Mi Instant Noodles Sweet & Spicy 65 g 5-pack,SSS-000509,,grocery,bundle,,57,17,5,72.80
Sari-Sari Store,555 Tuna Calamansi 155 g,SSS-000510,,grocery,can,,32,16,5,35.52
Sari-Sari Store,Marca Pina Vinegar Spiced 500 mL,SSS-000511,,grocery,bottle,,35,17,5,26.46
Sari-Sari Store,Maggi Seasoning Mix Tinola 10 g,SSS-000512,,grocery,sachet,,46,15,5,4.80
Sari-Sari Store,Silver Swan Soy Sauce Regular 100 mL,SSS-000513,,grocery,bottle,,18,18,6,7.68
Sari-Sari Store,Piattos Potato Chips Cheese 20 g 3-pack,SSS-000514,,grocery,bundle,,36,17,5,28.80
Sari-Sari Store,Mega Tuna Afritada 425 g,SSS-000515,,grocery,can,,21,9,3,77.42
Sari-Sari Store,Highlands Corned Beef Original 260 g,SSS-000516,,grocery,can,,41,15,5,66.64
Sari-Sari Store,Nissin Instant Noodles Bulalo 55 g 5-pack,SSS-000517,,grocery,bundle,,54,8,2,44.10
Sari-Sari Store,Datu Puti Vinegar Cane 1 L,SSS-000518,,grocery,bottle,,8,7,2,46.06
Sari-Sari Store,Payless Pancit Canton Extra Hot 60 g,SSS-000519,,grocery,pack,,41,8,2,13.44
Sari-Sari Store,Datu Puti Vinegar Spiced 250 mL,SSS-000520,,grocery,bottle,,59,13,4,15.04
Sari-Sari Store,Delimondo Corned Beef Garlic 260 g,SSS-000521,,grocery,can,,38,13,4,68.00
Sari-Sari Store,Golden Fiesta Cooking Oil Canola 500 mL 2-pack,SSS-000522,,grocery,bundle,,51,15,5,113.28
Sari-Sari Store,555 Sardines Tomato with Chili 425 g 6-pack,SSS-000523,,grocery,bundle,,51,7,2,304.56
Sari-Sari Store,V-Cut Potato Chips Garlic 20 g,SSS-000524,,grocery,pack,,53,13,4,10.40
Sari-Sari Store,Oishi Potato Chips Salted 20 g,SSS-000525,,grocery,pack,,56,10,3,9.40
Sari-Sari Store,Chippy Potato Chips Sour Cream 35 g,SSS-000526,,grocery,pack,,0,7,2,18.00
Sari-Sari Store,SkyFlakes Snack Crackers Original 100 g,SSS-000527,,grocery,pack,,59,15,5,18.80
Sari-Sari Store,Lucky Me! Instant Noodles Sweet & Spicy 65 g,SSS-000528,,grocery,pack,,2,8,2,13.16
Sari-Sari Store,Delimondo Corned Beef Original 150 g,SSS-000529,,grocery,can,,18,7,2,36.00
Sari-Sari Store,Hansel Snack Crackers Chocolate 50 g,SSS-000530,,grocery,pack,,36,12,4,9.80
Sari-Sari Store,QuickChow Instant Noodles Bulalo 55 g 5-pack,SSS-000531,,grocery,bundle,,30,12,4,45.90
Sari-Sari Store,Nissin Cup Noodles Chicken 40 g 3-pack,SSS-000532,,grocery,bundle,,32,10,3,56.40
Sari-Sari Store,Nova Potato Chips Spicy 20 g 3-pack,SSS-000533,,grocery,bundle,,43,17,5,29.40
Sari-Sari Store,Jersey Ketchup Tomato 100 g,SSS-000534,,grocery,pouch,,41,18,6,11.76
Sari-Sari Store,Fita Snack Crackers Cream 100 g,SSS-000535,,grocery,pack,,21,9,3,19.20
Sari-Sari Store,Knorr Seasoning Mix Tinola 50 g 6-pack,SSS-000536,,grocery,bundle,,16,7,2,101.52
Sari-Sari Store,UFC Ketchup Tomato 320 g 2-pack,SSS-000537,,grocery,bundle,,28,8,2,73.32
Sari-Sari Store,Jolly Cooking Oil Coconut 2 L 2-pack,SSS-000538,,grocery,bundle,,42,10,3,436.00
Sari-Sari Store,Maggi Seasoning Mix Tinola 50 g 6-pack,SSS-000539,,grocery,bundle,,53,8,2,103.68
Sari-Sari Store,Minola Cooking Oil Palm 2 L,SSS-000540,,grocery,bottle,,25,8,2,204.92
Sari-Sari Store,Mega Tuna Adobo 180 g 3-pack,SSS-000541,,grocery,bundle,,9,11,3,132.30
Sari-Sari Store,Sinandomeng Select Rice Premium 5 kg,SSS-000542,,grocery,bag,,8,12,4,297.60
Sari-Sari Store,Jasmine Select Rice Well-Milled 2 kg,SSS-000543,,grocery,bag,,9,16,5,126.00
Sari-Sari Store,Chippy Potato Chips Barbecue 35 g,SSS-000544,,grocery,pack,,3,10,3,18.00
Sari-Sari Store,Tostillas Potato Chips Garlic 60 g 3-pack,SSS-000545,,grocery,bundle,,36,9,3,95.40
Sari-Sari Store,Maggi Instant Noodles Extra Hot 65 g 5-pack,SSS-000546,,grocery,bundle,,8,15,5,70.00
Sari-Sari Store,555 Tuna Flakes in Oil 155 g,SSS-000547,,grocery,can,,1,15,5,35.52
Sari-Sari Store,Marie Snack Crackers Butter 100 g 3-pack,SSS-000548,,grocery,bundle,,33,10,3,60.00
Sari-Sari Store,Datu Puti Soy Sauce Less Sodium 500 mL 2-pack,SSS-000549,,grocery,bundle,,57,7,2,54.52
Sari-Sari Store,Silver Swan Soy Sauce Regular 250 mL,SSS-000550,,grocery,bottle,,38,17,5,16.32
Sari-Sari Store,Fita Snack Crackers Peanut 50 g 3-pack,SSS-000551,,grocery,bundle,,42,15,5,28.80
Sari-Sari Store,Clover Potato Chips Cheese 20 g 3-pack,SSS-000552,,grocery,bundle,,23,16,5,30.60
Sari-Sari Store,SkyFlakes Snack Crackers Chocolate 25 g,SSS-000553,,grocery,pack,,37,15,5,4.70
Sari-Sari Store,Nissin Instant Noodles Original 75 g 5-pack,SSS-000554,,grocery,bundle,,11,18,6,88.20
Sari-Sari Store,Nissin Instant Noodles Original 60 g 5-pack,SSS-000555,,grocery,bundle,,53,10,3,53.90
Sari-Sari Store,Mega Sardines Hot & Spicy 425 g 6-pack,SSS-000556,,grocery,bundle,,52,17,5,317.52
Sari-Sari Store,Mama Sita's Seasoning Mix Chicken 25 g,SSS-000557,,grocery,pack,,11,16,5,10.00
Sari-Sari Store,Century Tuna Tuna Calamansi 425 g 3-pack,SSS-000558,,grocery,bundle,,4,14,4,222.78
Sari-Sari Store,Nissin Cup Noodles Seafood 65 g 3-pack,SSS-000559,,grocery,bundle,,59,12,4,90.24
Sari-Sari Store,Mega Tuna Calamansi 155 g,SSS-000560,,grocery,can,,5,14,4,36.26
Sari-Sari Store,Ho-Mi Instant Noodles Bulalo 60 g 5-pack,SSS-000561,,grocery,bundle,,35,15,5,57.20
Sari-Sari Store,Marca Pina Vinegar Spiced 250 mL 2-pack,SSS-000562,,grocery,bundle,,1,15,5,31.36
Sari-Sari Store,Fita Snack Crackers Cream 50 g,SSS-000563,,grocery,pack,,52,17,5,9.60
Sari-Sari Store,Argentina Corned Beef Original 380 g,SSS-000564,,grocery,can,,28,9,3,92.12
Sari-Sari Store,Datu Puti Vinegar Spiced 100 mL,SSS-000565,,grocery,bottle,,46,15,5,7.52
Sari-Sari Store,Local Harvest Rice Premium 5 kg,SSS-000566,,grocery,bag,,8,12,4,291.40
Sari-Sari Store,V-Cut Potato Chips Spicy 35 g 3-pack,SSS-000567,,grocery,bundle,,58,7,2,56.16
Sari-Sari Store,Jersey Ketchup Banana 250 g 2-pack,SSS-000568,,grocery,bundle,,10,11,3,54.88
Sari-Sari Store,Ajinomoto Seasoning Mix All-Purpose 25 g,SSS-000569,,grocery,pack,,44,10,3,9.80
Sari-Sari Store,Minola Cooking Oil Coconut 2 L,SSS-000570,,grocery,bottle,,30,6,2,204.92
Sari-Sari Store,Lucky Me! Pancit Canton Original 80 g,SSS-000571,,grocery,pack,,15,11,3,17.86
Sari-Sari Store,Oishi Potato Chips Garlic 20 g 3-pack,SSS-000572,,grocery,bundle,,41,18,6,28.20
Sari-Sari Store,Nova Potato Chips Salted 100 g 3-pack,SSS-000573,,grocery,bundle,,52,14,4,141.12
Sari-Sari Store,Nova Potato Chips Garlic 35 g 3-pack,SSS-000574,,grocery,bundle,,10,12,4,52.92
Sari-Sari Store,Sinandomeng Select Rice Well-Milled 5 kg,SSS-000575,,grocery,bag,,5,14,4,297.60
Sari-Sari Store,Nova Potato Chips Spicy 60 g,SSS-000576,,grocery,pack,,10,6,2,29.40
Sari-Sari Store,Piattos Potato Chips Garlic 20 g 3-pack,SSS-000577,,grocery,bundle,,7,10,3,28.80
Sari-Sari Store,QuickChow Instant Noodles Beef 60 g,SSS-000578,,grocery,pack,,56,6,2,11.22
Sari-Sari Store,Master Sardines Tomato Sauce 425 g,SSS-000579,,grocery,can,,38,18,6,55.08
Sari-Sari Store,SkyFlakes Snack Crackers Butter 25 g 3-pack,SSS-000580,,grocery,bundle,,43,13,4,14.10
Sari-Sari Store,Rebisco Snack Crackers Original 100 g 3-pack,SSS-000581,,grocery,bundle,,8,9,3,61.20
Sari-Sari Store,Minola Cooking Oil Vegetable 1 L 2-pack,SSS-000582,,grocery,bundle,,35,11,3,210.56
Sari-Sari Store,Mega Tuna Afritada 180 g 3-pack,SSS-000583,,grocery,bundle,,51,8,2,132.30
Sari-Sari Store,QuickChow Instant Noodles Extra Hot 60 g 5-pack,SSS-000584,,grocery,bundle,,20,10,3,56.10
Sari-Sari Store,Lucky Me! Instant Noodles Sweet & Spicy 60 g 5-pack,SSS-000585,,grocery,bundle,,41,6,2,51.70
Sari-Sari Store,QuickChow Pancit Canton Sweet & Spicy 70 g,SSS-000586,,grocery,pack,,17,13,4,16.00
Sari-Sari Store,QuickChow Instant Noodles Sweet & Spicy 60 g,SSS-000587,,grocery,pack,,8,17,5,11.22
Sari-Sari Store,V-Cut Potato Chips Spicy 60 g 3-pack,SSS-000588,,grocery,bundle,,40,16,5,93.60
Sari-Sari Store,555 Tuna Hot & Spicy 155 g 3-pack,SSS-000589,,grocery,bundle,,14,15,5,106.56
Sari-Sari Store,Dinorado Premium Rice Brown 10 kg 2-pack,SSS-000590,,grocery,bundle,,5,9,3,1195.60
Sari-Sari Store,Jersey Ketchup Sweet & Spicy 320 g 2-pack,SSS-000591,,grocery,bundle,,4,14,4,76.44
Sari-Sari Store,QuickChow Cup Noodles Beef 65 g,SSS-000592,,grocery,cup,,25,17,5,32.00
Sari-Sari Store,V-Cut Potato Chips Salted 35 g 3-pack,SSS-000593,,grocery,bundle,,2,18,6,56.16
Sari-Sari Store,Tostillas Potato Chips Barbecue 60 g,SSS-000594,,grocery,pack,,30,15,5,31.80
Sari-Sari Store,Ajinomoto Seasoning Mix Chicken 25 g,SSS-000595,,grocery,pack,,16,11,3,9.80
Sari-Sari Store,Jersey Ketchup Banana 100 g 2-pack,SSS-000596,,grocery,bundle,,18,11,3,23.52
Sari-Sari Store,Jersey Ketchup Banana 320 g 2-pack,SSS-000597,,grocery,bundle,,8,16,5,76.44
Sari-Sari Store,Tostillas Potato Chips Spicy 35 g,SSS-000598,,grocery,pack,,15,7,2,19.08
Sari-Sari Store,Marie Snack Crackers Butter 25 g 3-pack,SSS-000599,,grocery,bundle,,41,13,4,15.00
Sari-Sari Store,Master Sardines Hot & Spicy 425 g 6-pack,SSS-000600,,grocery,bundle,,12,15,5,330.48
Sari-Sari Store,Marie Snack Crackers Chocolate 50 g,SSS-000601,,grocery,pack,,20,11,3,10.00
Sari-Sari Store,Ho-Mi Instant Noodles Extra Hot 55 g 5-pack,SSS-000602,,grocery,bundle,,26,6,2,46.80
Sari-Sari Store,Hansel Snack Crackers Original 50 g 3-pack,SSS-000603,,grocery,bundle,,23,16,5,29.40
Sari-Sari Store,555 Tuna Calamansi 180 g 3-pack,SSS-000604,,grocery,bundle,,56,9,3,129.60
Sari-Sari Store,Mega Tuna Calamansi 180 g,SSS-000605,,grocery,can,,11,18,6,44.10
Sari-Sari Store,Nissin Cup Noodles Beef 65 g,SSS-000606,,grocery,cup,,31,6,2,30.08
Sari-Sari Store,Nissin Pancit Canton Chilimansi 70 g,SSS-000607,,grocery,pack,,42,16,5,15.68
Sari-Sari Store,Datu Puti Vinegar Cane 250 mL 2-pack,SSS-000608,,grocery,bundle,,42,11,3,30.08
Sari-Sari Store,Mama Sita's Seasoning Mix Beef 25 g,SSS-000609,,grocery,pack,,8,7,2,10.00
Sari-Sari Store,SkyFlakes Snack Crackers Peanut 200 g,SSS-000610,,grocery,pack,,37,10,3,35.72
Sari-Sari Store,Golden Fiesta Cooking Oil Canola 250 mL,SSS-000611,,grocery,bottle,,2,9,3,30.72
Sari-Sari Store,Payless Cup Noodles Creamy Seafood 65 g 3-pack,SSS-000612,,grocery,bundle,,27,12,4,94.08
Sari-Sari Store,Master Sardines Tomato with Chili 425 g 6-pack,SSS-000613,,grocery,bundle,,39,11,3,330.48
Sari-Sari Store,Piattos Potato Chips Salted 60 g,SSS-000614,,grocery,pack,,21,12,4,28.80
Sari-Sari Store,Maggi Seasoning Mix Beef 50 g,SSS-000615,,grocery,pack,,34,6,2,17.28
Sari-Sari Store,Delimondo Corned Beef Garlic 150 g 3-pack,SSS-000616,,grocery,bundle,,0,18,6,108.00
Sari-Sari Store,Payless Instant Noodles Chicken 65 g 5-pack,SSS-000617,,grocery,bundle,,15,9,3,67.20
Sari-Sari Store,Ajinomoto Seasoning Mix Chicken 25 g 6-pack,SSS-000618,,grocery,bundle,,58,17,5,58.80
Sari-Sari Store,Marca Pina Vinegar Cane 100 mL 2-pack,SSS-000619,,grocery,bundle,,12,8,2,15.68
Sari-Sari Store,Baguio Cooking Oil Canola 100 mL,SSS-000620,,grocery,pouch,,39,14,4,15.68
Sari-Sari Store,Payless Cup Noodles Chicken 55 g 3-pack,SSS-000621,,grocery,bundle,,15,18,6,76.44
Sari-Sari Store,Mama Sita's Seasoning Mix Pork 25 g,SSS-000622,,grocery,pack,,27,7,2,10.00
Sari-Sari Store,Golden Fiesta Cooking Oil Coconut 250 mL 2-pack,SSS-000623,,grocery,bundle,,48,16,5,61.44
Sari-Sari Store,QuickChow Instant Noodles Sweet & Spicy 65 g 5-pack,SSS-000624,,grocery,bundle,,14,6,2,71.40
Sari-Sari Store,Nova Potato Chips Barbecue 35 g 3-pack,SSS-000625,,grocery,bundle,,30,9,3,52.92
Sari-Sari Store,Hansel Snack Crackers Original 25 g,SSS-000626,,grocery,pack,,39,8,2,4.90
Sari-Sari Store,Nissin Instant Noodles Seafood 60 g,SSS-000627,,grocery,pack,,39,10,3,10.78
Sari-Sari Store,Lucky Me! Instant Noodles Spicy Seafood 75 g 5-pack,SSS-000628,,grocery,bundle,,48,11,3,84.60
Sari-Sari Store,Silver Swan Soy Sauce Less Sodium 100 mL 2-pack,SSS-000629,,grocery,bundle,,40,15,5,15.36
Sari-Sari Store,Lucky Me! Instant Noodles Chicken 65 g,SSS-000630,,grocery,pack,,23,17,5,13.16
Sari-Sari Store,Payless Instant Noodles Extra Hot 55 g 5-pack,SSS-000631,,grocery,bundle,,39,14,4,43.20
Sari-Sari Store,QuickChow Cup Noodles Beef 65 g 3-pack,SSS-000632,,grocery,bundle,,1,13,4,96.00
Sari-Sari Store,Lucky Me! Pancit Canton Kalamansi 80 g 6-pack,SSS-000633,,grocery,bundle,,17,18,6,107.16
Sari-Sari Store,Oishi Potato Chips Barbecue 100 g 3-pack,SSS-000634,,grocery,bundle,,29,13,4,135.36
Sari-Sari Store,Maggi Seasoning Mix Chicken 50 g,SSS-000635,,grocery,pack,,15,14,4,17.28
Sari-Sari Store,Mega Tuna Adobo 155 g,SSS-000636,,grocery,can,,47,12,4,36.26
Sari-Sari Store,Century Tuna Tuna Afritada 155 g,SSS-000637,,grocery,can,,31,13,4,34.78
Sari-Sari Store,Knorr Seasoning Mix Pork 50 g 6-pack,SSS-000638,,grocery,bundle,,36,17,5,101.52
Sari-Sari Store,Local Harvest Rice Premium 10 kg,SSS-000639,,grocery,bag,,24,18,6,573.40
Sari-Sari Store,Golden Fiesta Cooking Oil Coconut 2 L,SSS-000640,,grocery,bottle,,29,11,3,209.28
Sari-Sari Store,Jolly Cooking Oil Palm 500 mL,SSS-000641,,grocery,bottle,,37,6,2,59.00
Sari-Sari Store,Payless Pancit Canton Kalamansi 80 g,SSS-000642,,grocery,pack,,51,18,6,18.24
Sari-Sari Store,Chippy Potato Chips Sour Cream 60 g 3-pack,SSS-000643,,grocery,bundle,,6,11,3,90.00
Sari-Sari Store,Century Tuna Tuna Calamansi 180 g 3-pack,SSS-000644,,grocery,bundle,,11,9,3,126.90
Sari-Sari Store,Payless Instant Noodles Original 55 g,SSS-000645,,grocery,pack,,48,8,2,8.64
Sari-Sari Store,Marca Pina Soy Sauce Regular 100 mL,SSS-000646,,grocery,bottle,,44,10,3,7.84
Sari-Sari Store,Fita Snack Crackers Butter 200 g,SSS-000647,,grocery,pack,,23,18,6,36.48
Sari-Sari Store,QuickChow Cup Noodles Creamy Seafood 40 g 3-pack,SSS-000648,,grocery,bundle,,27,16,5,60.00
Sari-Sari Store,Lucky Me! Cup Noodles Seafood 65 g,SSS-000649,,grocery,cup,,54,16,5,30.72
Sari-Sari Store,Century Tuna Tuna Adobo 180 g,SSS-000650,,grocery,can,,8,13,4,42.30
Sari-Sari Store,Silver Swan Vinegar Cane 1 L,SSS-000651,,grocery,bottle,,29,15,5,47.04
Sari-Sari Store,Lucky Me! Instant Noodles Spicy Seafood 60 g,SSS-000652,,grocery,pack,,7,7,2,10.34
Sari-Sari Store,QuickChow Instant Noodles Beef 65 g 5-pack,SSS-000653,,grocery,bundle,,33,9,3,71.40
Sari-Sari Store,Rebisco Snack Crackers Original 25 g,SSS-000654,,grocery,pack,,57,11,3,5.10
Sari-Sari Store,Del Monte Ketchup Banana 100 g,SSS-000655,,grocery,pouch,,15,7,2,11.52
Sari-Sari Store,Ajinomoto Seasoning Mix Pork 10 g,SSS-000656,,grocery,sachet,,46,10,3,4.90
Sari-Sari Store,Tostillas Potato Chips Sour Cream 100 g,SSS-000657,,grocery,pack,,55,9,3,50.88
Sari-Sari Store,Dinorado Premium Rice Premium 2 kg,SSS-000658,,grocery,bag,,14,17,5,123.48
Sari-Sari Store,Datu Puti Soy Sauce Regular 500 mL,SSS-000659,,grocery,bottle,,11,11,3,27.26
Sari-Sari Store,Century Tuna Tuna Adobo 155 g 3-pack,SSS-000660,,grocery,bundle,,57,8,2,104.34
Sari-Sari Store,Dinorado Premium Rice Brown 2 kg,SSS-000661,,grocery,bag,,34,6,2,123.48
Sari-Sari Store,QuickChow Pancit Canton Sweet & Spicy 60 g 6-pack,SSS-000662,,grocery,bundle,,42,7,2,84.00
Sari-Sari Store,Marca Pina Vinegar Cane 500 mL 2-pack,SSS-000663,,grocery,bundle,,4,17,5,52.92
Sari-Sari Store,Del Monte Ketchup Sweet & Spicy 320 g,SSS-000664,,grocery,bottle,,8,11,3,37.44
Sari-Sari Store,V-Cut Potato Chips Barbecue 35 g,SSS-000665,,grocery,pack,,46,7,2,18.72
Sari-Sari Store,Nissin Instant Noodles Sweet & Spicy 55 g,SSS-000666,,grocery,pack,,39,10,3,8.82
Sari-Sari Store,Baguio Cooking Oil Palm 1 L 2-pack,SSS-000667,,grocery,bundle,,5,14,4,219.52
Sari-Sari Store,Silver Swan Soy Sauce Less Sodium 500 mL 2-pack,SSS-000668,,grocery,bundle,,41,18,6,55.68
Sari-Sari Store,SkyFlakes Snack Crackers Chocolate 50 g,SSS-000669,,grocery,pack,,38,6,2,9.40
Sari-Sari Store,Highlands Corned Beef Chili 260 g,SSS-000670,,grocery,can,,35,8,2,66.64
Sari-Sari Store,Local Harvest Rice Brown 2 kg,SSS-000671,,grocery,bag,,29,12,4,118.44
Sari-Sari Store,Sinandomeng Select Rice Premium 2 kg 2-pack,SSS-000672,,grocery,bundle,,31,7,2,241.92
Sari-Sari Store,Payless Cup Noodles Spicy 55 g,SSS-000673,,grocery,cup,,20,12,4,25.48
Sari-Sari Store,Del Monte Ketchup Banana 1 kg,SSS-000674,,grocery,bottle,,11,10,3,100.80
Sari-Sari Store,Nova Potato Chips Garlic 100 g,SSS-000675,,grocery,pack,,17,16,5,47.04
Sari-Sari Store,Lucky Me! Cup Noodles Beef 55 g,SSS-000676,,grocery,cup,,37,16,5,24.96
Sari-Sari Store,Highlands Corned Beef Original 150 g,SSS-000677,,grocery,can,,3,18,6,35.28
Sari-Sari Store,UFC Ketchup Tomato 100 g 2-pack,SSS-000678,,grocery,bundle,,5,9,3,22.56
Sari-Sari Store,Maggi Seasoning Mix All-Purpose 10 g 6-pack,SSS-000679,,grocery,bundle,,37,6,2,28.80
Sari-Sari Store,Clover Potato Chips Sour Cream 100 g 3-pack,SSS-000680,,grocery,bundle,,45,18,6,146.88
Sari-Sari Store,Cream-O Snack Crackers Cream 200 g,SSS-000681,,grocery,pack,,43,18,6,39.52
Sari-Sari Store,Ajinomoto Seasoning Mix Sinigang 50 g,SSS-000682,,grocery,pack,,60,8,2,17.64
Sari-Sari Store,QuickChow Pancit Canton Kalamansi 60 g,SSS-000683,,grocery,pack,,9,14,4,14.00
Sari-Sari Store,Jersey Ketchup Tomato 250 g 2-pack,SSS-000684,,grocery,bundle,,51,16,5,54.88
Sari-Sari Store,Local Harvest Rice Well-Milled 10 kg,SSS-000685,,grocery,bag,,27,10,3,573.40
Sari-Sari Store,Lucky Me! Pancit Canton Chilimansi 60 g 6-pack,SSS-000686,,grocery,bundle,,35,18,6,78.96
Sari-Sari Store,Nissin Cup Noodles Spicy 55 g 3-pack,SSS-000687,,grocery,bundle,,35,17,5,73.32
Sari-Sari Store,Rebisco Snack Crackers Butter 100 g 3-pack,SSS-000688,,grocery,bundle,,58,8,2,61.20
Sari-Sari Store,Lucky Me! Pancit Canton Chilimansi 70 g 6-pack,SSS-000689,,grocery,bundle,,20,9,3,90.24
Sari-Sari Store,Nissin Instant Noodles Seafood 75 g 5-pack,SSS-000690,,grocery,bundle,,57,8,2,88.20
Sari-Sari Store,Payless Instant Noodles Spicy Seafood 60 g 5-pack,SSS-000691,,grocery,bundle,,40,14,4,52.80
Sari-Sari Store,Highlands Corned Beef Garlic 380 g,SSS-000692,,grocery,can,,38,12,4,96.04
Sari-Sari Store,Mega Sardines Tomato Sauce 155 g,SSS-000693,,grocery,can,,35,15,5,24.50
Sari-Sari Store,Ajinomoto Seasoning Mix Beef 10 g,SSS-000694,,grocery,sachet,,16,8,2,4.90
Sari-Sari Store,Minola Cooking Oil Coconut 100 mL 2-pack,SSS-000695,,grocery,bundle,,27,11,3,30.08
Sari-Sari Store,Nissin Cup Noodles Creamy Seafood 65 g 3-pack,SSS-000696,,grocery,bundle,,33,7,2,90.24
Sari-Sari Store,Ligo Sardines Spanish Style 425 g 6-pack,SSS-000697,,grocery,bundle,,28,7,2,311.04
Sari-Sari Store,Maggi Instant Noodles Sweet & Spicy 60 g,SSS-000698,,grocery,pack,,25,11,3,11.00
Sari-Sari Store,Datu Puti Vinegar Spiced 1 L,SSS-000699,,grocery,bottle,,38,6,2,46.06
Sari-Sari Store,Nova Potato Chips Salted 100 g,SSS-000700,,grocery,pack,,3,14,4,47.04
Sari-Sari Store,Clover Potato Chips Cheese 60 g 3-pack,SSS-000701,,grocery,bundle,,15,8,2,91.80
Sari-Sari Store,Lucky Me! Cup Noodles Chicken 65 g 3-pack,SSS-000702,,grocery,bundle,,34,17,5,92.16
Sari-Sari Store,Cream-O Snack Crackers Original 100 g 3-pack,SSS-000703,,grocery,bundle,,32,8,2,62.40
Sari-Sari Store,Payless Instant Noodles Extra Hot 65 g 5-pack,SSS-000704,,grocery,bundle,,46,13,4,67.20
Sari-Sari Store,Mega Tuna Flakes in Oil 425 g 3-pack,SSS-000705,,grocery,bundle,,23,14,4,232.26
Sari-Sari Store,Century Tuna Tuna Hot & Spicy 180 g 3-pack,SSS-000706,,grocery,bundle,,51,6,2,126.90
Sari-Sari Store,Lucky Me! Instant Noodles Bulalo 65 g,SSS-000707,,grocery,pack,,8,10,3,13.16
Sari-Sari Store,QuickChow Pancit Canton Kalamansi 70 g,SSS-000708,,grocery,pack,,17,17,5,16.00
Sari-Sari Store,Lucky Me! Pancit Canton Extra Hot 80 g 6-pack,SSS-000709,,grocery,bundle,,6,17,5,107.16
Sari-Sari Store,Maggi Seasoning Mix Pork 10 g 6-pack,SSS-000710,,grocery,bundle,,44,6,2,28.80
Sari-Sari Store,Argentina Corned Beef Original 150 g 3-pack,SSS-000711,,grocery,bundle,,36,18,6,101.52
Sari-Sari Store,Payless Instant Noodles Seafood 55 g,SSS-000712,,grocery,pack,,1,16,5,8.64
Sari-Sari Store,Payless Instant Noodles Spicy Seafood 65 g 5-pack,SSS-000713,,grocery,bundle,,12,9,3,67.20
Sari-Sari Store,Mega Sardines Tomato Sauce 425 g,SSS-000714,,grocery,can,,48,17,5,52.92
Sari-Sari Store,Oishi Potato Chips Garlic 20 g,SSS-000715,,grocery,pack,,42,7,2,9.40
Sari-Sari Store,SkyFlakes Snack Crackers Cream 50 g 3-pack,SSS-000716,,grocery,bundle,,36,14,4,28.20
Sari-Sari Store,Nova Potato Chips Barbecue 60 g,SSS-000717,,grocery,pack,,48,15,5,29.40
Sari-Sari Store,Delimondo Corned Beef Chili 260 g 3-pack,SSS-000718,,grocery,bundle,,6,14,4,204.00
Sari-Sari Store,Nova Potato Chips Sour Cream 100 g 3-pack,SSS-000719,,grocery,bundle,,26,10,3,141.12
Sari-Sari Store,555 Sardines Spanish Style 425 g 6-pack,SSS-000720,,grocery,bundle,,53,18,6,304.56
Sari-Sari Store,Royal Orange Soda Grapefruit 1 L 6-pack,SSS-000721,,beverages,bundle,,22,16,5,276.36
Sari-Sari Store,Zest-O Juice Drink Orange 330 mL 6-pack,SSS-000722,,beverages,bundle,,50,6,2,112.80
Sari-Sari Store,Tang Juice Drink Grape 330 mL 6-pack,SSS-000723,,beverages,bundle,,20,13,4,122.40
Sari-Sari Store,Aqua Bottled Water Alkaline 250 mL 6-pack,SSS-000724,,beverages,bundle,,52,9,3,48.96
Sari-Sari Store,Sting Energy Drink Berry 330 mL,SSS-000725,,beverages,can,,59,14,4,34.30
Sari-Sari Store,Sunkist Orange Soda Orange 500 mL 6-pack,SSS-000726,,beverages,bundle,,34,17,5,164.64
Sari-Sari Store,Nature's Spring Bottled Water Alkaline 6 L 6-pack,SSS-000727,,beverages,bundle,,0,6,2,441.00
Sari-Sari Store,Mirinda Orange Soda Cream Soda 250 mL,SSS-000728,,beverages,bottle,,37,16,5,17.28
Sari-Sari Store,Cobra Energy Drink Original 240 mL 4-pack,SSS-000729,,beverages,bundle,,24,12,4,96.00
Sari-Sari Store,Del Monte Juice Drink Orange 500 mL 6-pack,SSS-000730,,beverages,bundle,,52,18,6,168.00
Sari-Sari Store,Royal Orange Soda Grapefruit 1.5 L,SSS-000731,,beverages,bottle,,38,17,5,63.92
Sari-Sari Store,Aqua Bottled Water Alkaline 1 L 6-pack,SSS-000732,,beverages,bundle,,32,13,4,134.64
Sari-Sari Store,Red Bull Energy Drink Berry 330 mL,SSS-000733,,beverages,can,,47,11,3,32.90
Sari-Sari Store,Tang Juice Drink Mango 200 mL 6-pack,SSS-000734,,beverages,bundle,,19,12,4,73.44
Sari-Sari Store,C2 Iced Tea Lemon 230 mL,SSS-000735,,beverages,bottle,,49,11,3,14.10
Sari-Sari Store,RC Cola Cola Original 1 L 6-pack,SSS-000736,,beverages,bundle,,11,9,3,288.12
Sari-Sari Store,Minute Maid Juice Drink Fruit Punch 330 mL,SSS-000737,,beverages,bottle,,21,9,3,19.60
Sari-Sari Store,C2 Iced Tea Apple 1.5 L 6-pack,SSS-000738,,beverages,bundle,,32,18,6,439.92
Sari-Sari Store,Zest-O Juice Drink Orange 330 mL,SSS-000739,,beverages,bottle,,31,18,6,18.80
Sari-Sari Store,Aqua Bottled Water Mineral 1 L,SSS-000740,,beverages,bottle,,44,14,4,22.44
Sari-Sari Store,7 Up Lemon-Lime Soda Zero Sugar 500 mL 6-pack,SSS-000741,,beverages,bundle,,43,14,4,161.28
Sari-Sari Store,Nestea Iced Tea Lemon 1 L,SSS-000742,,beverages,bottle,,53,10,3,56.64
Sari-Sari Store,RC Cola Cola Light 500 mL,SSS-000743,,beverages,bottle,,47,13,4,27.44
Sari-Sari Store,Mirinda Orange Soda Cream Soda 250 mL 6-pack,SSS-000744,,beverages,bundle,,35,17,5,103.68
Sari-Sari Store,Summit Bottled Water Alkaline 500 mL,SSS-000745,,beverages,bottle,,21,18,6,14.00
Sari-Sari Store,Del Monte Juice Drink Grape 200 mL,SSS-000746,,beverages,pack,,27,6,2,12.00
Sari-Sari Store,Lipton Iced Tea Calamansi 230 mL 6-pack,SSS-000747,,beverages,bundle,,47,17,5,88.20
Sari-Sari Store,Del Monte Juice Drink Fruit Punch 1 L 6-pack,SSS-000748,,beverages,bundle,,37,16,5,348.00
Sari-Sari Store,Zest-O Juice Drink Pineapple 500 mL,SSS-000749,,beverages,bottle,,35,17,5,26.32
Sari-Sari Store,Tang Juice Drink Fruit Punch 500 mL 6-pack,SSS-000750,,beverages,bundle,,32,12,4,171.36
Sari-Sari Store,C2 Juice Drink Apple 330 mL 6-pack,SSS-000751,,beverages,bundle,,39,13,4,115.20
Sari-Sari Store,Coca-Cola Cola Original 330 mL,SSS-000752,,beverages,can,,33,7,2,20.68
Sari-Sari Store,Coca-Cola Cola Zero Sugar 330 mL,SSS-000753,,beverages,can,,4,7,2,20.68
Sari-Sari Store,C2 Juice Drink Apple 500 mL 6-pack,SSS-000754,,beverages,bundle,,34,7,2,161.28
Sari-Sari Store,Absolute Bottled Water Purified 250 mL,SSS-000755,,beverages,bottle,,60,16,5,7.68
Sari-Sari Store,Wilkins Bottled Water Alkaline 1 L 6-pack,SSS-000756,,beverages,bundle,,31,11,3,124.08
Sari-Sari Store,Del Monte Juice Drink Apple 250 mL 6-pack,SSS-000757,,beverages,bundle,,46,8,2,90.00
Sari-Sari Store,7 Up Lemon-Lime Soda Original 330 mL 6-pack,SSS-000758,,beverages,bundle,,54,13,4,126.72
Sari-Sari Store,Tang Juice Drink Apple 200 mL,SSS-000759,,beverages,pack,,39,10,3,12.24
Sari-Sari Store,Royal Orange Soda Grapefruit 500 mL,SSS-000760,,beverages,bottle,,39,11,3,26.32
Sari-Sari Store,Sting Energy Drink Original 500 mL 4-pack,SSS-000761,,beverages,bundle,,46,9,3,192.08
Sari-Sari Store,Nature's Spring Bottled Water Mineral 6 L 6-pack,SSS-000762,,beverages,bundle,,45,18,6,441.00
Sari-Sari Store,Lipton Iced Tea Calamansi 1 L 6-pack,SSS-000763,,beverages,bundle,,20,16,5,346.92
Sari-Sari Store,Lipton Iced Tea Calamansi 500 mL,SSS-000764,,beverages,bottle,,34,17,5,28.42
Sari-Sari Store,Sting Energy Drink Sugar-Free 500 mL 4-pack,SSS-000765,,beverages,bundle,,50,15,5,192.08
Sari-Sari Store,Absolute Bottled Water Mineral 6 L 6-pack,SSS-000766,,beverages,bundle,,60,13,4,432.00
Sari-Sari Store,Pepsi Cola Zero Sugar 500 mL,SSS-000767,,beverages,bottle,,43,10,3,26.88
Sari-Sari Store,Pop Cola Cola Light 250 mL 6-pack,SSS-000768,,beverages,bundle,,27,9,3,108.00
Sari-Sari Store,Nestea Iced Tea Lemon 230 mL 6-pack,SSS-000769,,beverages,bundle,,4,17,5,86.40
Sari-Sari Store,Cobra Energy Drink Berry 500 mL,SSS-000770,,beverages,bottle,,54,13,4,47.04
Sari-Sari Store,Del Monte Juice Drink Fruit Punch 330 mL 6-pack,SSS-000771,,beverages,bundle,,11,8,2,120.00
Sari-Sari Store,Nature's Spring Bottled Water Mineral 1.5 L,SSS-000772,,beverages,bottle,,58,16,5,29.40
Sari-Sari Store,Sunkist Orange Soda Orange 1 L 6-pack,SSS-000773,,beverages,bundle,,23,15,5,288.12
Sari-Sari Store,Pepsi Cola Original 500 mL 6-pack,SSS-000774,,beverages,bundle,,21,18,6,161.28
Sari-Sari Store,Zest-O Juice Drink Mango 500 mL,SSS-000775,,beverages,bottle,,32,14,4,26.32
Sari-Sari Store,Royal Orange Soda Orange 1 L 6-pack,SSS-000776,,beverages,bundle,,8,18,6,276.36
Sari-Sari Store,Nestea Iced Tea Apple 1 L,SSS-000777,,beverages,bottle,,24,11,3,56.64
Sari-Sari Store,Pepsi Cola Zero Sugar 2 L 6-pack,SSS-000778,,beverages,bundle,,37,18,6,506.88
Sari-Sari Store,Mirinda Orange Soda Grapefruit 1.5 L 6-pack,SSS-000779,,beverages,bundle,,1,10,3,391.68
Sari-Sari Store,Minute Maid Juice Drink Orange 250 mL,SSS-000780,,beverages,bottle,,37,17,5,14.70
Sari-Sari Store,RC Cola Cola Light 1.5 L 6-pack,SSS-000781,,beverages,bundle,,1,8,2,399.84
Sari-Sari Store,Sting Energy Drink Berry 500 mL,SSS-000782,,beverages,bottle,,43,7,2,48.02
Sari-Sari Store,Del Monte Juice Drink Pineapple 250 mL,SSS-000783,,beverages,bottle,,51,10,3,15.00
Sari-Sari Store,Sunkist Orange Soda Orange 1 L,SSS-000784,,beverages,bottle,,37,8,2,48.02
Sari-Sari Store,RC Cola Cola Light 1 L 6-pack,SSS-000785,,beverages,bundle,,6,17,5,288.12
Sari-Sari Store,Sting Energy Drink Sugar-Free 1 L 4-pack,SSS-000786,,beverages,bundle,,3,17,5,309.68
Sari-Sari Store,Pepsi Cola Original 250 mL,SSS-000787,,beverages,bottle,,39,10,3,17.28
Sari-Sari Store,Lipton Iced Tea Lemon 1.5 L,SSS-000788,,beverages,bottle,,21,15,5,76.44
Sari-Sari Store,Del Monte Juice Drink Apple 250 mL,SSS-000789,,beverages,bottle,,7,18,6,15.00
Sari-Sari Store,Sprite Lemon-Lime Soda Zero Sugar 1 L 6-pack,SSS-000790,,beverages,bundle,,48,10,3,276.36
Sari-Sari Store,Absolute Bottled Water Mineral 250 mL,SSS-000791,,beverages,bottle,,51,6,2,7.68
Sari-Sari Store,C2 Juice Drink Apple 200 mL,SSS-000792,,beverages,pack,,55,13,4,11.52
Sari-Sari Store,Zest-O Juice Drink Mango 200 mL,SSS-000793,,beverages,pack,,16,16,5,11.28
Sari-Sari Store,C2 Juice Drink Mango 200 mL 6-pack,SSS-000794,,beverages,bundle,,49,6,2,69.12
Sari-Sari Store,Tang Juice Drink Grape 500 mL 6-pack,SSS-000795,,beverages,bundle,,3,13,4,171.36
Sari-Sari Store,Mirinda Orange Soda Cream Soda 500 mL,SSS-000796,,beverages,bottle,,55,14,4,26.88
Sari-Sari Store,Royal Orange Soda Orange 500 mL 6-pack,SSS-000797,,beverages,bundle,,38,8,2,157.92
Sari-Sari Store,Lipton Iced Tea Peach 230 mL,SSS-000798,,beverages,bottle,,57,12,4,14.70
Sari-Sari Store,Sunkist Orange Soda Grapefruit 250 mL 6-pack,SSS-000799,,beverages,bundle,,53,14,4,105.84
Sari-Sari Store,Mirinda Orange Soda Cream Soda 1 L,SSS-000800,,beverages,bottle,,16,12,4,47.04
Sari-Sari Store,C2 Iced Tea Calamansi 500 mL,SSS-000801,,beverages,bottle,,14,13,4,27.26
Sari-Sari Store,Pop Cola Cola Light 500 mL 6-pack,SSS-000802,,beverages,bundle,,0,6,2,168.00
Sari-Sari Store,Lipton Iced Tea Calamansi 1.5 L 6-pack,SSS-000803,,beverages,bundle,,54,11,3,458.64
Sari-Sari Store,RC Cola Cola Original 500 mL,SSS-000804,,beverages,bottle,,50,17,5,27.44
Sari-Sari Store,RC Cola Cola Original 250 mL,SSS-000805,,beverages,bottle,,5,17,5,17.64
Sari-Sari Store,Tang Juice Drink Fruit Punch 500 mL,SSS-000806,,beverages,bottle,,8,15,5,28.56
Sari-Sari Store,C2 Juice Drink Grape 1 L,SSS-000807,,beverages,carton,,9,9,3,55.68
Sari-Sari Store,Summit Bottled Water Purified 500 mL 6-pack,SSS-000808,,beverages,bundle,,28,11,3,84.00
Sari-Sari Store,Sprite Lemon-Lime Soda Zero Sugar 2 L,SSS-000809,,beverages,bottle,,56,14,4,82.72
Sari-Sari Store,Absolute Bottled Water Alkaline 6 L 6-pack,SSS-000810,,beverages,bundle,,28,11,3,432.00
Sari-Sari Store,Royal Orange Soda Grapefruit 1.5 L 6-pack,SSS-000811,,beverages,bundle,,49,6,2,383.52
Sari-Sari Store,Nestea Iced Tea Calamansi 1.5 L,SSS-000812,,beverages,bottle,,11,7,2,74.88
Sari-Sari Store,Zest-O Juice Drink Grape 1 L 6-pack,SSS-000813,,beverages,bundle,,21,18,6,327.12
Sari-Sari Store,RC Cola Cola Zero Sugar 2 L,SSS-000814,,beverages,bottle,,3,14,4,86.24
Sari-Sari Store,C2 Juice Drink Grape 500 mL 6-pack,SSS-000815,,beverages,bundle,,48,8,2,161.28
Sari-Sari Store,Zest-O Juice Drink Apple 330 mL,SSS-000816,,beverages,bottle,,53,7,2,18.80
Sari-Sari Store,Red Bull Energy Drink Berry 500 mL,SSS-000817,,beverages,bottle,,35,6,2,46.06
Sari-Sari Store,C2 Iced Tea Lemon 500 mL 6-pack,SSS-000818,,beverages,bundle,,51,13,4,163.56
Sari-Sari Store,Mountain Dew Lemon-Lime Soda Zero Sugar 250 mL 6-pack,SSS-000819,,beverages,bundle,,11,8,2,105.84
Sari-Sari Store,Sting Energy Drink Original 500 mL,SSS-000820,,beverages,bottle,,7,13,4,48.02
Sari-Sari Store,Sunkist Orange Soda Grapefruit 330 mL,SSS-000821,,beverages,can,,35,7,2,21.56
Sari-Sari Store,Aqua Bottled Water Mineral 350 mL 6-pack,SSS-000822,,beverages,bundle,,29,18,6,61.20
Sari-Sari Store,Mirinda Orange Soda Orange 250 mL 6-pack,SSS-000823,,beverages,bundle,,53,6,2,103.68
Sari-Sari Store,Absolute Bottled Water Alkaline 500 mL 6-pack,SSS-000824,,beverages,bundle,,26,14,4,80.64
Sari-Sari Store,RC Cola Cola Zero Sugar 330 mL 6-pack,SSS-000825,,beverages,bundle,,30,8,2,129.36
Sari-Sari Store,Pop Cola Cola Light 330 mL 6-pack,SSS-000826,,beverages,bundle,,16,16,5,132.00
Sari-Sari Store,Nestea Iced Tea Apple 230 mL,SSS-000827,,beverages,bottle,,16,16,5,14.40
Sari-Sari Store,Absolute Bottled Water Purified 250 mL 6-pack,SSS-000828,,beverages,bundle,,21,10,3,46.08
Sari-Sari Store,Pop Cola Cola Original 500 mL 6-pack,SSS-000829,,beverages,bundle,,2,13,4,168.00
Sari-Sari Store,Sprite Lemon-Lime Soda Original 330 mL,SSS-000830,,beverages,can,,21,9,3,20.68
Sari-Sari Store,C2 Juice Drink Pineapple 1 L 6-pack,SSS-000831,,beverages,bundle,,4,6,2,334.08
Sari-Sari Store,Lipton Iced Tea Lemon 500 mL,SSS-000832,,beverages,bottle,,36,18,6,28.42
Sari-Sari Store,Nestea Iced Tea Lemon 230 mL,SSS-000833,,beverages,bottle,,57,7,2,14.40
Sari-Sari Store,Del Monte Juice Drink Fruit Punch 500 mL,SSS-000834,,beverages,bottle,,43,6,2,28.00
Sari-Sari Store,Absolute Bottled Water Mineral 350 mL,SSS-000835,,beverages,bottle,,2,10,3,9.60
Sari-Sari Store,Minute Maid Juice Drink Grape 250 mL,SSS-000836,,beverages,bottle,,15,13,4,14.70
Sari-Sari Store,Red Bull Energy Drink Berry 330 mL 4-pack,SSS-000837,,beverages,bundle,,1,18,6,131.60
Sari-Sari Store,Zest-O Juice Drink Mango 200 mL 6-pack,SSS-000838,,beverages,bundle,,45,7,2,67.68
Sari-Sari Store,Nestea Iced Tea Calamansi 1 L 6-pack,SSS-000839,,beverages,bundle,,23,16,5,339.84
Sari-Sari Store,Del Monte Juice Drink Apple 500 mL,SSS-000840,,beverages,bottle,,34,15,5,28.00
Sari-Sari Store,Tang Juice Drink Orange 200 mL 6-pack,SSS-000841,,beverages,bundle,,13,7,2,73.44
Sari-Sari Store,Aqua Bottled Water Purified 250 mL 6-pack,SSS-000842,,beverages,bundle,,21,12,4,48.96
Sari-Sari Store,Sprite Lemon-Lime Soda Original 500 mL,SSS-000843,,beverages,bottle,,44,11,3,26.32
Sari-Sari Store,Absolute Bottled Water Alkaline 6 L,SSS-000844,,beverages,jug,,38,11,3,72.00
Sari-Sari Store,Lipton Iced Tea Lemon 1.5 L 6-pack,SSS-000845,,beverages,bundle,,3,10,3,458.64
Sari-Sari Store,Coca-Cola Cola Original 1.5 L 6-pack,SSS-000846,,beverages,bundle,,21,16,5,383.52
Sari-Sari Store,Aqua Bottled Water Mineral 6 L,SSS-000847,,beverages,jug,,7,9,3,76.50
Sari-Sari Store,Zest-O Juice Drink Pineapple 1 L,SSS-000848,,beverages,carton,,24,6,2,54.52
Sari-Sari Store,Lipton Iced Tea Apple 330 mL 6-pack,SSS-000849,,beverages,bundle,,17,9,3,129.36
Sari-Sari Store,Minute Maid Juice Drink Mango 500 mL 6-pack,SSS-000850,,beverages,bundle,,60,17,5,164.64
Sari-Sari Store,Del Monte Juice Drink Grape 1 L 6-pack,SSS-000851,,beverages,bundle,,7,8,2,348.00
Sari-Sari Store,Sunkist Orange Soda Cream Soda 330 mL 6-pack,SSS-000852,,beverages,bundle,,54,13,4,129.36
Sari-Sari Store,Absolute Bottled Water Alkaline 350 mL,SSS-000853,,beverages,bottle,,2,14,4,9.60
Sari-Sari Store,Del Monte Juice Drink Apple 200 mL,SSS-000854,,beverages,pack,,36,16,5,12.00
Sari-Sari Store,Absolute Bottled Water Mineral 1 L 6-pack,SSS-000855,,beverages,bundle,,32,15,5,126.72
Sari-Sari Store,Wilkins Bottled Water Purified 1 L,SSS-000856,,beverages,bottle,,13,11,3,20.68
Sari-Sari Store,Mirinda Orange Soda Orange 1.5 L,SSS-000857,,beverages,bottle,,39,14,4,65.28
Sari-Sari Store,RC Cola Cola Original 1 L,SSS-000858,,beverages,bottle,,21,8,2,48.02
Sari-Sari Store,Zest-O Juice Drink Fruit Punch 330 mL,SSS-000859,,beverages,bottle,,47,7,2,18.80
Sari-Sari Store,RC Cola Cola Zero Sugar 500 mL,SSS-000860,,beverages,bottle,,34,8,2,27.44
Sari-Sari Store,Tang Juice Drink Grape 200 mL,SSS-000861,,beverages,pack,,18,11,3,12.24
Sari-Sari Store,Tang Juice Drink Pineapple 500 mL 6-pack,SSS-000862,,beverages,bundle,,35,18,6,171.36
Sari-Sari Store,Nestea Iced Tea Lemon 500 mL 6-pack,SSS-000863,,beverages,bundle,,32,8,2,167.04
Sari-Sari Store,Wilkins Bottled Water Mineral 1 L 6-pack,SSS-000864,,beverages,bundle,,1,12,4,124.08
Sari-Sari Store,Mirinda Orange Soda Grapefruit 500 mL 6-pack,SSS-000865,,beverages,bundle,,5,14,4,161.28
Sari-Sari Store,7 Up Lemon-Lime Soda Zero Sugar 1 L 6-pack,SSS-000866,,beverages,bundle,,55,8,2,282.24
Sari-Sari Store,Wilkins Bottled Water Mineral 250 mL,SSS-000867,,beverages,bottle,,42,13,4,7.52
Sari-Sari Store,Mirinda Orange Soda Grapefruit 1.5 L,SSS-000868,,beverages,bottle,,31,14,4,65.28
Sari-Sari Store,Nature's Spring Bottled Water Mineral 350 mL 6-pack,SSS-000869,,beverages,bundle,,28,10,3,58.80
Sari-Sari Store,Sting Energy Drink Sugar-Free 1 L,SSS-000870,,beverages,bottle,,41,7,2,77.42
Sari-Sari Store,Summit Bottled Water Purified 1 L 6-pack,SSS-000871,,beverages,bundle,,52,13,4,132.00
Sari-Sari Store,Royal Orange Soda Orange 250 mL,SSS-000872,,beverages,bottle,,5,16,5,16.92
Sari-Sari Store,Summit Bottled Water Purified 350 mL 6-pack,SSS-000873,,beverages,bundle,,0,7,2,60.00
Sari-Sari Store,7 Up Lemon-Lime Soda Original 500 mL 6-pack,SSS-000874,,beverages,bundle,,13,14,4,161.28
Sari-Sari Store,Absolute Bottled Water Purified 350 mL 6-pack,SSS-000875,,beverages,bundle,,26,12,4,57.60
Sari-Sari Store,Aqua Bottled Water Purified 1 L,SSS-000876,,beverages,bottle,,52,16,5,22.44
Sari-Sari Store,Nature's Spring Bottled Water Mineral 250 mL 6-pack,SSS-000877,,beverages,bundle,,29,6,2,47.04
Sari-Sari Store,C2 Juice Drink Fruit Punch 330 mL 6-pack,SSS-000878,,beverages,bundle,,10,18,6,115.20
Sari-Sari Store,Sunkist Orange Soda Cream Soda 1 L 6-pack,SSS-000879,,beverages,bundle,,15,9,3,288.12
Sari-Sari Store,Mountain Dew Lemon-Lime Soda Zero Sugar 1.5 L 6-pack,SSS-000880,,beverages,bundle,,4,8,2,399.84
Sari-Sari Store,Cobra Energy Drink Original 1 L 4-pack,SSS-000881,,beverages,bundle,,41,11,3,303.36
Sari-Sari Store,Summit Bottled Water Purified 350 mL,SSS-000882,,beverages,bottle,,40,16,5,10.00
Sari-Sari Store,Tang Juice Drink Orange 1 L,SSS-000883,,beverages,carton,,32,12,4,59.16
Sari-Sari Store,Del Monte Juice Drink Apple 500 mL 6-pack,SSS-000884,,beverages,bundle,,23,7,2,168.00
Sari-Sari Store,Cobra Energy Drink Berry 330 mL,SSS-000885,,beverages,can,,51,6,2,33.60
Sari-Sari Store,C2 Juice Drink Orange 1 L,SSS-000886,,beverages,carton,,6,12,4,55.68
Sari-Sari Store,C2 Iced Tea Apple 330 mL,SSS-000887,,beverages,bottle,,26,17,5,20.68
Sari-Sari Store,Tang Juice Drink Fruit Punch 200 mL 6-pack,SSS-000888,,beverages,bundle,,0,13,4,73.44
Sari-Sari Store,Zest-O Juice Drink Fruit Punch 330 mL 6-pack,SSS-000889,,beverages,bundle,,55,6,2,112.80
Sari-Sari Store,Tang Juice Drink Pineapple 250 mL,SSS-000890,,beverages,bottle,,6,17,5,15.30
Sari-Sari Store,Royal Orange Soda Orange 1.5 L 6-pack,SSS-000891,,beverages,bundle,,22,13,4,383.52
Sari-Sari Store,Cobra Energy Drink Berry 330 mL 4-pack,SSS-000892,,beverages,bundle,,16,8,2,134.40
Sari-Sari Store,Pop Cola Cola Zero Sugar 330 mL,SSS-000893,,beverages,can,,37,17,5,22.00
Sari-Sari Store,Tang Juice Drink Mango 200 mL,SSS-000894,,beverages,pack,,8,14,4,12.24
Sari-Sari Store,Zest-O Juice Drink Apple 1 L 6-pack,SSS-000895,,beverages,bundle,,2,17,5,327.12
Sari-Sari Store,Red Bull Energy Drink Original 240 mL 4-pack,SSS-000896,,beverages,bundle,,38,12,4,94.00
Sari-Sari Store,Pop Cola Cola Zero Sugar 2 L,SSS-000897,,beverages,bottle,,0,13,4,88.00
Sari-Sari Store,Tang Juice Drink Pineapple 1 L 6-pack,SSS-000898,,beverages,bundle,,34,18,6,354.96
Sari-Sari Store,Nature's Spring Bottled Water Purified 350 mL 6-pack,SSS-000899,,beverages,bundle,,40,6,2,58.80
Sari-Sari Store,Del Monte Juice Drink Orange 330 mL,SSS-000900,,beverages,bottle,,51,8,2,20.00
Sari-Sari Store,Tang Juice Drink Pineapple 1 L,SSS-000901,,beverages,carton,,27,6,2,59.16
Sari-Sari Store,Coca-Cola Cola Original 2 L 6-pack,SSS-000902,,beverages,bundle,,15,16,5,496.32
Sari-Sari Store,Pepsi Cola Zero Sugar 1 L,SSS-000903,,beverages,bottle,,55,10,3,47.04
Sari-Sari Store,C2 Juice Drink Grape 200 mL 6-pack,SSS-000904,,beverages,bundle,,52,18,6,69.12
Sari-Sari Store,Lipton Iced Tea Peach 1 L 6-pack,SSS-000905,,beverages,bundle,,15,16,5,346.92
Sari-Sari Store,Red Bull Energy Drink Berry 1 L,SSS-000906,,beverages,bottle,,36,15,5,74.26
Sari-Sari Store,Royal Orange Soda Grapefruit 1 L,SSS-000907,,beverages,bottle,,58,17,5,46.06
Sari-Sari Store,Wilkins Bottled Water Purified 250 mL,SSS-000908,,beverages,bottle,,39,12,4,7.52
Sari-Sari Store,Summit Bottled Water Mineral 350 mL,SSS-000909,,beverages,bottle,,37,11,3,10.00
Sari-Sari Store,Tang Juice Drink Mango 500 mL,SSS-000910,,beverages,bottle,,2,7,2,28.56
Sari-Sari Store,Zest-O Juice Drink Mango 500 mL 6-pack,SSS-000911,,beverages,bundle,,11,10,3,157.92
Sari-Sari Store,Aqua Bottled Water Mineral 6 L 6-pack,SSS-000912,,beverages,bundle,,0,8,2,459.00
Sari-Sari Store,Del Monte Juice Drink Pineapple 500 mL 6-pack,SSS-000913,,beverages,bundle,,18,9,3,168.00
Sari-Sari Store,Summit Bottled Water Purified 6 L 6-pack,SSS-000914,,beverages,bundle,,29,6,2,450.00
Sari-Sari Store,Pop Cola Cola Light 330 mL,SSS-000915,,beverages,can,,44,9,3,22.00
Sari-Sari Store,RC Cola Cola Zero Sugar 2 L 6-pack,SSS-000916,,beverages,bundle,,43,18,6,517.44
Sari-Sari Store,C2 Juice Drink Fruit Punch 1 L,SSS-000917,,beverages,carton,,3,9,3,55.68
Sari-Sari Store,Red Bull Energy Drink Sugar-Free 330 mL,SSS-000918,,beverages,can,,15,15,5,32.90
Sari-Sari Store,Nestea Iced Tea Calamansi 330 mL,SSS-000919,,beverages,bottle,,27,8,2,21.12
Sari-Sari Store,Pop Cola Cola Original 1 L 6-pack,SSS-000920,,beverages,bundle,,9,17,5,294.00
Sari-Sari Store,Lipton Iced Tea Apple 1 L 6-pack,SSS-000921,,beverages,bundle,,54,18,6,346.92
Sari-Sari Store,Sunkist Orange Soda Orange 1.5 L,SSS-000922,,beverages,bottle,,48,16,5,66.64
Sari-Sari Store,Aqua Bottled Water Purified 500 mL,SSS-000923,,beverages,bottle,,25,18,6,14.28
Sari-Sari Store,Summit Bottled Water Alkaline 6 L,SSS-000924,,beverages,jug,,28,8,2,75.00
Sari-Sari Store,RC Cola Cola Light 250 mL,SSS-000925,,beverages,bottle,,59,12,4,17.64
Sari-Sari Store,Zest-O Juice Drink Orange 1 L 6-pack,SSS-000926,,beverages,bundle,,27,8,2,327.12
Sari-Sari Store,RC Cola Cola Original 250 mL 6-pack,SSS-000927,,beverages,bundle,,14,14,4,105.84
Sari-Sari Store,Sprite Lemon-Lime Soda Original 1.5 L,SSS-000928,,beverages,bottle,,8,11,3,63.92
Sari-Sari Store,Tang Juice Drink Mango 330 mL 6-pack,SSS-000929,,beverages,bundle,,33,9,3,122.40
Sari-Sari Store,Del Monte Juice Drink Orange 200 mL 6-pack,SSS-000930,,beverages,bundle,,54,9,3,72.00
Sari-Sari Store,Absolute Bottled Water Alkaline 1 L 6-pack,SSS-000931,,beverages,bundle,,42,11,3,126.72
Sari-Sari Store,Aqua Bottled Water Mineral 500 mL,SSS-000932,,beverages,bottle,,50,13,4,14.28
Sari-Sari Store,Wilkins Bottled Water Mineral 500 mL,SSS-000933,,beverages,bottle,,7,11,3,13.16
Sari-Sari Store,Nature's Spring Bottled Water Alkaline 6 L,SSS-000934,,beverages,jug,,38,12,4,73.50
Sari-Sari Store,Cobra Energy Drink Sugar-Free 330 mL 4-pack,SSS-000935,,beverages,bundle,,44,11,3,134.40
Sari-Sari Store,Aqua Bottled Water Alkaline 1.5 L 6-pack,SSS-000936,,beverages,bundle,,42,12,4,183.60
Sari-Sari Store,Sunkist Orange Soda Cream Soda 1.5 L 6-pack,SSS-000937,,beverages,bundle,,43,17,5,399.84
Sari-Sari Store,Sting Energy Drink Berry 240 mL,SSS-000938,,beverages,can,,1,12,4,24.50
Sari-Sari Store,Zest-O Juice Drink Pineapple 500 mL 6-pack,SSS-000939,,beverages,bundle,,46,15,5,157.92
Sari-Sari Store,Nature's Spring Bottled Water Purified 1 L 6-pack,SSS-000940,,beverages,bundle,,3,16,5,129.36
Sari-Sari Store,Tang Juice Drink Apple 1 L 6-pack,SSS-000941,,beverages,bundle,,17,12,4,354.96
Sari-Sari Store,C2 Iced Tea Peach 230 mL,SSS-000942,,beverages,bottle,,57,17,5,14.10
Sari-Sari Store,Minute Maid Juice Drink Grape 1 L,SSS-000943,,beverages,carton,,31,8,2,56.84
Sari-Sari Store,Wilkins Bottled Water Alkaline 1.5 L 6-pack,SSS-000944,,beverages,bundle,,17,8,2,169.20
Sari-Sari Store,Pop Cola Cola Zero Sugar 250 mL,SSS-000945,,beverages,bottle,,9,14,4,18.00
Sari-Sari Store,Minute Maid Juice Drink Grape 200 mL 6-pack,SSS-000946,,beverages,bundle,,9,7,2,70.56
Sari-Sari Store,Wilkins Bottled Water Purified 1.5 L,SSS-000947,,beverages,bottle,,32,17,5,28.20
Sari-Sari Store,Red Bull Energy Drink Original 500 mL 4-pack,SSS-000948,,beverages,bundle,,2,17,5,184.24
Sari-Sari Store,Pop Cola Cola Original 2 L 6-pack,SSS-000949,,beverages,bundle,,25,18,6,528.00
Sari-Sari Store,Mountain Dew Lemon-Lime Soda Original 330 mL 6-pack,SSS-000950,,beverages,bundle,,17,9,3,129.36
Sari-Sari Store,Del Monte Juice Drink Grape 250 mL 6-pack,SSS-000951,,beverages,bundle,,60,11,3,90.00
Sari-Sari Store,Wilkins Bottled Water Purified 1.5 L 6-pack,SSS-000952,,beverages,bundle,,34,14,4,169.20
Sari-Sari Store,Tang Juice Drink Fruit Punch 1 L,SSS-000953,,beverages,carton,,40,17,5,59.16
Sari-Sari Store,Summit Bottled Water Alkaline 1 L,SSS-000954,,beverages,bottle,,9,18,6,22.00
Sari-Sari Store,Nestea Iced Tea Peach 500 mL 6-pack,SSS-000955,,beverages,bundle,,53,14,4,167.04
Sari-Sari Store,Nestea Iced Tea Calamansi 1.5 L 6-pack,SSS-000956,,beverages,bundle,,18,13,4,449.28
Sari-Sari Store,Del Monte Juice Drink Pineapple 330 mL 6-pack,SSS-000957,,beverages,bundle,,0,11,3,120.00
Sari-Sari Store,Zest-O Juice Drink Grape 250 mL 6-pack,SSS-000958,,beverages,bundle,,16,9,3,84.60
Sari-Sari Store,C2 Juice Drink Grape 250 mL,SSS-000959,,beverages,bottle,,13,17,5,14.40
Sari-Sari Store,Nature's Spring Bottled Water Mineral 1.5 L 6-pack,SSS-000960,,beverages,bundle,,50,16,5,176.40
Sari-Sari Store,Bear Brand Chocolate Malt Drink Choco-Malt 25 g,SSS-000961,,food_beverage,sachet,,30,13,4,10.00
Sari-Sari Store,Eight O'Clock Powdered Juice Orange 20 g 10-pack,SSS-000962,,food_beverage,bundle,,10,16,5,57.60
Sari-Sari Store,Ovaltine Chocolate Malt Drink Vanilla 25 g,SSS-000963,,food_beverage,sachet,,17,16,5,9.80
Sari-Sari Store,Ovaltine Chocolate Malt Drink Choco-Malt 22 g 10-pack,SSS-000964,,food_beverage,bundle,,29,16,5,78.40
Sari-Sari Store,Bear Brand Chocolate Malt Drink Chocolate 25 g,SSS-000965,,food_beverage,sachet,,34,11,3,10.00
Sari-Sari Store,Nido Powdered Milk Adult Plus 100 g 10-pack,SSS-000966,,food_beverage,bundle,,45,9,3,420.00
Sari-Sari Store,Angel Condensed Milk Original 1 kg 3-pack,SSS-000967,,food_beverage,bundle,,7,6,2,384.00
Sari-Sari Store,San Mig 3-in-1 Coffee Original 50 g,SSS-000968,,food_beverage,sachet,,43,17,5,23.00
Sari-Sari Store,Alaska Powdered Milk Original 100 g,SSS-000969,,food_beverage,pouch,,51,11,3,40.32
Sari-Sari Store,Milo Chocolate Malt Drink Choco-Malt 35 g,SSS-000970,,food_beverage,sachet,,9,12,4,13.16
Sari-Sari Store,Nescafe Instant Coffee Brown Coffee 18 g,SSS-000971,,food_beverage,sachet,,8,7,2,6.58
Sari-Sari Store,Carnation Condensed Milk Original 300 mL 3-pack,SSS-000972,,food_beverage,bundle,,57,13,4,129.60
Sari-Sari Store,Nido Powdered Milk Original 30 g,SSS-000973,,food_beverage,sachet,,13,7,2,13.00
Sari-Sari Store,Blend 45 Instant Coffee Strong 50 g 10-pack,SSS-000974,,food_beverage,bundle,,4,14,4,224.40
Sari-Sari Store,Nescafe 3-in-1 Coffee Strong 50 g,SSS-000975,,food_beverage,sachet,,53,15,5,21.62
Sari-Sari Store,San Mig Instant Coffee Barako 18 g,SSS-000976,,food_beverage,sachet,,21,8,2,7.00
Sari-Sari Store,Blend 45 Instant Coffee Sugar-Free 18 g 10-pack,SSS-000977,,food_beverage,bundle,,18,11,3,71.40
Sari-Sari Store,Alaska Condensed Milk Original 168 mL 3-pack,SSS-000978,,food_beverage,bundle,,41,15,5,76.14
Sari-Sari Store,Nescafe 3-in-1 Coffee Brown Coffee 30 g 10-pack,SSS-000979,,food_beverage,bundle,,17,8,2,131.60
Sari-Sari Store,Eight O'Clock Powdered Juice Orange 25 g,SSS-000980,,food_beverage,sachet,,26,8,2,7.68
Sari-Sari Store,Birch Tree Powdered Milk Adult Plus 30 g 10-pack,SSS-000981,,food_beverage,bundle,,43,12,4,127.40
Sari-Sari Store,Great Taste 3-in-1 Coffee Brown Coffee 30 g,SSS-000982,,food_beverage,sachet,,38,11,3,13.44
Sari-Sari Store,Birch Tree Powdered Milk Choco 22 g 10-pack,SSS-000983,,food_beverage,bundle,,50,10,3,88.20
Sari-Sari Store,Bear Brand Powdered Milk Choco 50 g,SSS-000984,,food_beverage,sachet,,57,16,5,19.74
Sari-Sari Store,Bear Brand Powdered Milk Adult Plus 50 g 10-pack,SSS-000985,,food_beverage,bundle,,26,14,4,197.40
Sari-Sari Store,San Mig 3-in-1 Coffee Creamy White 18 g,SSS-000986,,food_beverage,sachet,,37,12,4,8.00
Sari-Sari Store,Great Taste Instant Coffee Creamy White 50 g 10-pack,SSS-000987,,food_beverage,bundle,,41,6,2,211.20
Sari-Sari Store,Blend 45 Instant Coffee Brown Coffee 18 g,SSS-000988,,food_beverage,sachet,,14,17,5,7.14
Sari-Sari Store,Carnation Condensed Milk Creamy 168 mL 3-pack,SSS-000989,,food_beverage,bundle,,19,8,2,77.76
Sari-Sari Store,Kopiko Instant Coffee Original 18 g 10-pack,SSS-000990,,food_beverage,bundle,,54,14,4,68.60
Sari-Sari Store,Alaska Evaporated Milk Original 1 L 3-pack,SSS-000991,,food_beverage,bundle,,2,11,3,324.30
Sari-Sari Store,Bear Brand Powdered Milk Choco 100 g,SSS-000992,,food_beverage,pouch,,17,9,3,39.48
Sari-Sari Store,Nescafe 3-in-1 Coffee Barako 50 g 10-pack,SSS-000993,,food_beverage,bundle,,2,12,4,216.20
Sari-Sari Store,Milo Chocolate Malt Drink Choco-Malt 50 g 10-pack,SSS-000994,,food_beverage,bundle,,5,18,6,188.00
Sari-Sari Store,Carnation Evaporated Milk Filled 370 mL,SSS-000995,,food_beverage,can,,57,16,5,46.08
Sari-Sari Store,Birch Tree Powdered Milk Fortified 100 g 10-pack,SSS-000996,,food_beverage,bundle,,22,14,4,411.60
Sari-Sari Store,San Mig Instant Coffee Barako 50 g,SSS-000997,,food_beverage,sachet,,60,18,6,22.00
Sari-Sari Store,Nescafe 3-in-1 Coffee Barako 18 g,SSS-000998,,food_beverage,sachet,,15,12,4,7.52
Sari-Sari Store,Alaska Condensed Milk Original 1 kg 3-pack,SSS-000999,,food_beverage,bundle,,52,6,2,360.96
Sari-Sari Store,Alaska Evaporated Milk Creamy 250 mL 3-pack,SSS-001000,,food_beverage,bundle,,55,12,4,101.52
Sari-Sari Store,Milo Chocolate Malt Drink Chocolate 25 g 10-pack,SSS-001001,,food_beverage,bundle,,9,15,5,94.00
Sari-Sari Store,Ovaltine Chocolate Malt Drink Original 50 g 10-pack,SSS-001002,,food_beverage,bundle,,39,11,3,196.00
Sari-Sari Store,Nido Powdered Milk Original 22 g 10-pack,SSS-001003,,food_beverage,bundle,,25,9,3,90.00
Sari-Sari Store,Great Taste Instant Coffee Creamy White 30 g 10-pack,SSS-001004,,food_beverage,bundle,,8,11,3,124.80
Sari-Sari Store,Nescafe Instant Coffee Sugar-Free 50 g,SSS-001005,,food_beverage,sachet,,48,12,4,20.68
Sari-Sari Store,Tang Powdered Juice Mango 100 g 10-pack,SSS-001006,,food_beverage,bundle,,29,7,2,253.80
Sari-Sari Store,Angel Condensed Milk Creamy 390 g,SSS-001007,,food_beverage,can,,3,12,4,56.00
Sari-Sari Store,Blend 45 Instant Coffee Creamy White 18 g 10-pack,SSS-001008,,food_beverage,bundle,,11,8,2,71.40
Sari-Sari Store,San Mig 3-in-1 Coffee Mild 25 g 10-pack,SSS-001009,,food_beverage,bundle,,47,9,3,110.00
Sari-Sari Store,Energen Chocolate Malt Drink Chocolate 50 g,SSS-001010,,food_beverage,sachet,,37,15,5,19.20
Sari-Sari Store,Blend 45 3-in-1 Coffee Original 30 g 10-pack,SSS-001011,,food_beverage,bundle,,43,10,3,142.80
Sari-Sari Store,San Mig Instant Coffee Brown Coffee 25 g 10-pack,SSS-001012,,food_beverage,bundle,,5,10,3,100.00
Sari-Sari Store,Tang Powdered Juice Mango 100 g,SSS-001013,,food_beverage,pouch,,57,8,2,25.38
Sari-Sari Store,Blend 45 Instant Coffee Barako 30 g 10-pack,SSS-001014,,food_beverage,bundle,,34,10,3,132.60
Sari-Sari Store,San Mig 3-in-1 Coffee Creamy White 30 g,SSS-001015,,food_beverage,sachet,,35,18,6,14.00
Sari-Sari Store,Milo Chocolate Malt Drink Original 22 g,SSS-001016,,food_beverage,sachet,,54,10,3,7.52
Sari-Sari Store,Blend 45 Instant Coffee Strong 18 g,SSS-001017,,food_beverage,sachet,,25,13,4,7.14
Sari-Sari Store,San Mig 3-in-1 Coffee Barako 50 g 10-pack,SSS-001018,,food_beverage,bundle,,9,6,2,230.00
Sari-Sari Store,Angel Evaporated Milk Original 1 L 3-pack,SSS-001019,,food_beverage,bundle,,49,15,5,345.00
Sari-Sari Store,Kopiko Instant Coffee Brown Coffee 30 g,SSS-001020,,food_beverage,sachet,,49,7,2,12.74
Sari-Sari Store,Bear Brand Chocolate Malt Drink Original 22 g 10-pack,SSS-001021,,food_beverage,bundle,,25,9,3,80.00
Sari-Sari Store,Nescafe 3-in-1 Coffee Original 25 g,SSS-001022,,food_beverage,sachet,,10,7,2,10.34
Sari-Sari Store,Jersey Condensed Milk Caramel 168 mL 3-pack,SSS-001023,,food_beverage,bundle,,18,10,3,79.38
Sari-Sari Store,Jersey Condensed Milk Original 300 mL,SSS-001024,,food_beverage,can,,2,16,5,44.10
Sari-Sari Store,Great Taste 3-in-1 Coffee Original 50 g,SSS-001025,,food_beverage,sachet,,26,15,5,22.08
Sari-Sari Store,Eight O'Clock Powdered Juice Pineapple 25 g 10-pack,SSS-001026,,food_beverage,bundle,,14,9,3,76.80
Sari-Sari Store,Ovaltine Chocolate Malt Drink Chocolate 35 g 10-pack,SSS-001027,,food_beverage,bundle,,53,6,2,137.20
Sari-Sari Store,Birch Tree Powdered Milk Fortified 30 g,SSS-001028,,food_beverage,sachet,,13,9,3,12.74
Sari-Sari Store,Nescafe 3-in-1 Coffee Barako 30 g 10-pack,SSS-001029,,food_beverage,bundle,,10,8,2,131.60
Sari-Sari Store,Angel Evaporated Milk Original 250 mL,SSS-001030,,food_beverage,can,,18,7,2,36.00
Sari-Sari Store,San Mig Instant Coffee Barako 25 g 10-pack,SSS-001031,,food_beverage,bundle,,4,11,3,100.00
Sari-Sari Store,Nido Powdered Milk Fortified 22 g 10-pack,SSS-001032,,food_beverage,bundle,,33,6,2,90.00
Sari-Sari Store,Angel Evaporated Milk Original 154 mL,SSS-001033,,food_beverage,can,,31,14,4,25.00
Sari-Sari Store,Bear Brand Chocolate Malt Drink Vanilla 50 g 10-pack,SSS-001034,,food_beverage,bundle,,23,6,2,200.00
Sari-Sari Store,Bear Brand Chocolate Malt Drink Strawberry 25 g 10-pack,SSS-001035,,food_beverage,bundle,,41,17,5,100.00
Sari-Sari Store,Carnation Condensed Milk Caramel 300 mL,SSS-001036,,food_beverage,can,,17,17,5,43.20
Sari-Sari Store,Great Taste Instant Coffee Creamy White 18 g 10-pack,SSS-001037,,food_beverage,bundle,,17,12,4,67.20
Sari-Sari Store,Ovaltine Chocolate Malt Drink Choco-Malt 35 g 10-pack,SSS-001038,,food_beverage,bundle,,8,14,4,137.20
Sari-Sari Store,Nescafe 3-in-1 Coffee Creamy White 25 g,SSS-001039,,food_beverage,sachet,,11,12,4,10.34
Sari-Sari Store,Angel Evaporated Milk Creamy 370 mL 3-pack,SSS-001040,,food_beverage,bundle,,20,7,2,144.00
Sari-Sari Store,Zest-O Powdered Juice Pineapple 25 g,SSS-001041,,food_beverage,sachet,,45,6,2,7.84
Sari-Sari Store,Blend 45 Instant Coffee Strong 50 g,SSS-001042,,food_beverage,sachet,,2,8,2,22.44
Sari-Sari Store,Energen Chocolate Malt Drink Original 25 g,SSS-001043,,food_beverage,sachet,,12,10,3,9.60
Sari-Sari Store,Alaska Evaporated Milk Creamy 370 mL 3-pack,SSS-001044,,food_beverage,bundle,,29,7,2,135.36
Sari-Sari Store,Angel Evaporated Milk Creamy 250 mL 3-pack,SSS-001045,,food_beverage,bundle,,9,16,5,108.00
Sari-Sari Store,Kopiko 3-in-1 Coffee Strong 18 g,SSS-001046,,food_beverage,sachet,,5,15,5,7.84
Sari-Sari Store,Nescafe Instant Coffee Brown Coffee 30 g 10-pack,SSS-001047,,food_beverage,bundle,,56,9,3,122.20
Sari-Sari Store,Great Taste 3-in-1 Coffee Strong 50 g 10-pack,SSS-001048,,food_beverage,bundle,,25,15,5,220.80
Sari-Sari Store,San Mig 3-in-1 Coffee Original 30 g 10-pack,SSS-001049,,food_beverage,bundle,,30,9,3,140.00
Sari-Sari Store,Kopiko 3-in-1 Coffee Creamy White 25 g,SSS-001050,,food_beverage,sachet,,54,10,3,10.78
Sari-Sari Store,Angel Condensed Milk Caramel 390 g 3-pack,SSS-001051,,food_beverage,bundle,,22,9,3,168.00
Sari-Sari Store,Zest-O Powdered Juice Fruit Punch 100 g,SSS-001052,,food_beverage,pouch,,58,16,5,26.46
Sari-Sari Store,Kopiko 3-in-1 Coffee Mild 25 g,SSS-001053,,food_beverage,sachet,,33,12,4,10.78
Sari-Sari Store,Nido Powdered Milk Choco 22 g,SSS-001054,,food_beverage,sachet,,45,12,4,9.00
Sari-Sari Store,Carnation Condensed Milk Original 168 mL,SSS-001055,,food_beverage,can,,23,8,2,25.92
Sari-Sari Store,San Mig 3-in-1 Coffee Original 50 g 10-pack,SSS-001056,,food_beverage,bundle,,51,16,5,230.00
Sari-Sari Store,Blend 45 3-in-1 Coffee Mild 18 g,SSS-001057,,food_beverage,sachet,,48,15,5,8.16
Sari-Sari Store,Energen Chocolate Malt Drink Choco-Malt 50 g 10-pack,SSS-001058,,food_beverage,bundle,,38,10,3,192.00
Sari-Sari Store,Great Taste Instant Coffee Brown Coffee 50 g,SSS-001059,,food_beverage,sachet,,43,11,3,21.12
Sari-Sari Store,Carnation Evaporated Milk Original 250 mL,SSS-001060,,food_beverage,can,,52,8,2,34.56
Sari-Sari Store,Ovaltine Chocolate Malt Drink Strawberry 35 g 10-pack,SSS-001061,,food_beverage,bundle,,50,13,4,137.20
Sari-Sari Store,Kopiko 3-in-1 Coffee Creamy White 18 g,SSS-001062,,food_beverage,sachet,,38,17,5,7.84
Sari-Sari Store,Great Taste Instant Coffee Sugar-Free 18 g,SSS-001063,,food_beverage,sachet,,41,10,3,6.72
Sari-Sari Store,Jersey Evaporated Milk Creamy 154 mL 3-pack,SSS-001064,,food_beverage,bundle,,38,7,2,73.50
Sari-Sari Store,Alaska Powdered Milk Fortified 100 g,SSS-001065,,food_beverage,pouch,,36,16,5,40.32
Sari-Sari Store,Kool-Aid Powdered Juice Pineapple 100 g 10-pack,SSS-001066,,food_beverage,bundle,,26,6,2,270.00
Sari-Sari Store,Blend 45 3-in-1 Coffee Barako 25 g 10-pack,SSS-001067,,food_beverage,bundle,,10,8,2,112.20
Sari-Sari Store,San Mig Instant Coffee Creamy White 18 g 10-pack,SSS-001068,,food_beverage,bundle,,51,14,4,70.00
Sari-Sari Store,Bear Brand Chocolate Malt Drink Original 50 g 10-pack,SSS-001069,,food_beverage,bundle,,33,16,5,200.00
Sari-Sari Store,Kopiko 3-in-1 Coffee Mild 18 g 10-pack,SSS-001070,,food_beverage,bundle,,11,17,5,78.40
Sari-Sari Store,Zest-O Powdered Juice Calamansi 20 g,SSS-001071,,food_beverage,sachet,,59,6,2,5.88
Sari-Sari Store,Energen Chocolate Malt Drink Chocolate 35 g,SSS-001072,,food_beverage,sachet,,14,16,5,13.44
Sari-Sari Store,Great Taste Instant Coffee Original 18 g 10-pack,SSS-001073,,food_beverage,bundle,,27,11,3,67.20
Sari-Sari Store,Angel Condensed Milk Original 1 kg,SSS-001074,,food_beverage,pouch,,6,17,5,128.00
Sari-Sari Store,Milo Chocolate Malt Drink Choco-Malt 35 g 10-pack,SSS-001075,,food_beverage,bundle,,41,6,2,131.60
Sari-Sari Store,Kopiko Instant Coffee Strong 50 g,SSS-001076,,food_beverage,sachet,,35,17,5,21.56
Sari-Sari Store,Great Taste 3-in-1 Coffee Barako 18 g,SSS-001077,,food_beverage,sachet,,4,10,3,7.68
Sari-Sari Store,Zest-O Powdered Juice Grape 25 g,SSS-001078,,food_beverage,sachet,,40,17,5,7.84
Sari-Sari Store,Carnation Condensed Milk Creamy 1 kg 3-pack,SSS-001079,,food_beverage,bundle,,52,18,6,368.64
Sari-Sari Store,Tang Powdered Juice Grape 100 g,SSS-001080,,food_beverage,pouch,,25,16,5,25.38
Sari-Sari Store,Kopiko 3-in-1 Coffee Strong 18 g 10-pack,SSS-001081,,food_beverage,bundle,,58,8,2,78.40
Sari-Sari Store,Angel Condensed Milk Creamy 300 mL,SSS-001082,,food_beverage,can,,5,12,4,45.00
Sari-Sari Store,Bear Brand Chocolate Malt Drink Chocolate 22 g,SSS-001083,,food_beverage,sachet,,47,11,3,8.00
Sari-Sari Store,Carnation Condensed Milk Caramel 1 kg,SSS-001084,,food_beverage,pouch,,29,13,4,122.88
Sari-Sari Store,Tang Powdered Juice Orange 20 g,SSS-001085,,food_beverage,sachet,,3,9,3,5.64
Sari-Sari Store,Nido Powdered Milk Choco 50 g 10-pack,SSS-001086,,food_beverage,bundle,,12,16,5,210.00
Sari-Sari Store,Bear Brand Powdered Milk Adult Plus 22 g 10-pack,SSS-001087,,food_beverage,bundle,,59,10,3,84.60
Sari-Sari Store,Bear Brand Chocolate Malt Drink Chocolate 22 g 10-pack,SSS-001088,,food_beverage,bundle,,57,13,4,80.00
Sari-Sari Store,Great Taste Instant Coffee Barako 18 g,SSS-001089,,food_beverage,sachet,,17,10,3,6.72
Sari-Sari Store,Zest-O Powdered Juice Fruit Punch 100 g 10-pack,SSS-001090,,food_beverage,bundle,,50,16,5,264.60
Sari-Sari Store,Great Taste Instant Coffee Sugar-Free 30 g 10-pack,SSS-001091,,food_beverage,bundle,,33,11,3,124.80
Sari-Sari Store,Energen Chocolate Malt Drink Vanilla 22 g,SSS-001092,,food_beverage,sachet,,24,6,2,7.68
Sari-Sari Store,Bear Brand Chocolate Malt Drink Original 25 g,SSS-001093,,food_beverage,sachet,,52,6,2,10.00
Sari-Sari Store,Eight O'Clock Powdered Juice Calamansi 20 g 10-pack,SSS-001094,,food_beverage,bundle,,41,11,3,57.60
Sari-Sari Store,Ovaltine Chocolate Malt Drink Choco-Malt 50 g 10-pack,SSS-001095,,food_beverage,bundle,,13,6,2,196.00
Sari-Sari Store,Milo Chocolate Malt Drink Vanilla 50 g,SSS-001096,,food_beverage,sachet,,3,15,5,18.80
Sari-Sari Store,Kool-Aid Powdered Juice Calamansi 25 g,SSS-001097,,food_beverage,sachet,,59,14,4,8.00
Sari-Sari Store,Kopiko 3-in-1 Coffee Barako 30 g 10-pack,SSS-001098,,food_beverage,bundle,,50,10,3,137.20
Sari-Sari Store,Jersey Evaporated Milk Filled 250 mL,SSS-001099,,food_beverage,can,,24,14,4,35.28
Sari-Sari Store,Kool-Aid Powdered Juice Orange 100 g,SSS-001100,,food_beverage,pouch,,43,14,4,27.00
Sari-Sari Store,Nido Powdered Milk Adult Plus 30 g 10-pack,SSS-001101,,food_beverage,bundle,,24,11,3,130.00
Sari-Sari Store,Angel Evaporated Milk Filled 1 L 3-pack,SSS-001102,,food_beverage,bundle,,5,14,4,345.00
Sari-Sari Store,Kool-Aid Powdered Juice Grape 100 g,SSS-001103,,food_beverage,pouch,,13,6,2,27.00
Sari-Sari Store,Blend 45 3-in-1 Coffee Brown Coffee 50 g 10-pack,SSS-001104,,food_beverage,bundle,,22,7,2,234.60
Sari-Sari Store,Milo Chocolate Malt Drink Chocolate 22 g 10-pack,SSS-001105,,food_beverage,bundle,,27,14,4,75.20
Sari-Sari Store,Bear Brand Powdered Milk Adult Plus 30 g,SSS-001106,,food_beverage,sachet,,34,7,2,12.22
Sari-Sari Store,Nido Powdered Milk Choco 50 g,SSS-001107,,food_beverage,sachet,,19,16,5,21.00
Sari-Sari Store,Blend 45 Instant Coffee Strong 18 g 10-pack,SSS-001108,,food_beverage,bundle,,34,18,6,71.40
Sari-Sari Store,Blend 45 3-in-1 Coffee Strong 50 g,SSS-001109,,food_beverage,sachet,,28,15,5,23.46
Sari-Sari Store,San Mig 3-in-1 Coffee Brown Coffee 50 g,SSS-001110,,food_beverage,sachet,,11,7,2,23.00
Sari-Sari Store,Nescafe 3-in-1 Coffee Mild 30 g 10-pack,SSS-001111,,food_beverage,bundle,,21,7,2,131.60
Sari-Sari Store,Blend 45 Instant Coffee Barako 50 g 10-pack,SSS-001112,,food_beverage,bundle,,57,8,2,224.40
Sari-Sari Store,San Mig 3-in-1 Coffee Original 18 g 10-pack,SSS-001113,,food_beverage,bundle,,32,11,3,80.00
Sari-Sari Store,Nescafe Instant Coffee Sugar-Free 18 g,SSS-001114,,food_beverage,sachet,,37,12,4,6.58
Sari-Sari Store,Blend 45 3-in-1 Coffee Brown Coffee 18 g,SSS-001115,,food_beverage,sachet,,2,14,4,8.16
Sari-Sari Store,Bear Brand Chocolate Malt Drink Vanilla 22 g 10-pack,SSS-001116,,food_beverage,bundle,,3,8,2,80.00
Sari-Sari Store,Alaska Powdered Milk Adult Plus 50 g,SSS-001117,,food_beverage,sachet,,34,7,2,20.16
Sari-Sari Store,Eight O'Clock Powdered Juice Mango 25 g,SSS-001118,,food_beverage,sachet,,53,6,2,7.68
Sari-Sari Store,Jersey Evaporated Milk Creamy 1 L 3-pack,SSS-001119,,food_beverage,bundle,,39,9,3,338.10
Sari-Sari Store,Bear Brand Chocolate Malt Drink Strawberry 35 g 10-pack,SSS-001120,,food_beverage,bundle,,37,7,2,140.00
Sari-Sari Store,Bear Brand Powdered Milk Original 50 g,SSS-001121,,food_beverage,sachet,,49,6,2,19.74
Sari-Sari Store,Birch Tree Powdered Milk Original 22 g,SSS-001122,,food_beverage,sachet,,52,6,2,8.82
Sari-Sari Store,Kopiko 3-in-1 Coffee Strong 50 g,SSS-001123,,food_beverage,sachet,,60,15,5,22.54
Sari-Sari Store,San Mig Instant Coffee Sugar-Free 18 g,SSS-001124,,food_beverage,sachet,,2,10,3,7.00
Sari-Sari Store,Tang Powdered Juice Grape 25 g,SSS-001125,,food_beverage,sachet,,49,18,6,7.52
Sari-Sari Store,Kopiko Instant Coffee Brown Coffee 50 g 10-pack,SSS-001126,,food_beverage,bundle,,39,10,3,215.60
Sari-Sari Store,Ovaltine Chocolate Malt Drink Strawberry 25 g 10-pack,SSS-001127,,food_beverage,bundle,,29,11,3,98.00
Sari-Sari Store,San Mig 3-in-1 Coffee Original 25 g 10-pack,SSS-001128,,food_beverage,bundle,,23,18,6,110.00
Sari-Sari Store,Great Taste Instant Coffee Sugar-Free 30 g,SSS-001129,,food_beverage,sachet,,4,17,5,12.48
Sari-Sari Store,Bear Brand Chocolate Malt Drink Choco-Malt 35 g,SSS-001130,,food_beverage,sachet,,42,10,3,14.00
Sari-Sari Store,Blend 45 3-in-1 Coffee Original 30 g,SSS-001131,,food_beverage,sachet,,20,14,4,14.28
Sari-Sari Store,San Mig Instant Coffee Sugar-Free 30 g,SSS-001132,,food_beverage,sachet,,60,14,4,13.00
Sari-Sari Store,Kopiko Instant Coffee Barako 18 g 10-pack,SSS-001133,,food_beverage,bundle,,54,17,5,68.60
Sari-Sari Store,Jersey Evaporated Milk Original 370 mL,SSS-001134,,food_beverage,can,,36,16,5,47.04
Sari-Sari Store,Milo Chocolate Malt Drink Original 50 g,SSS-001135,,food_beverage,sachet,,10,17,5,18.80
Sari-Sari Store,Great Taste 3-in-1 Coffee Mild 25 g 10-pack,SSS-001136,,food_beverage,bundle,,29,7,2,105.60
Sari-Sari Store,Kool-Aid Powdered Juice Calamansi 100 g,SSS-001137,,food_beverage,pouch,,32,11,3,27.00
Sari-Sari Store,Angel Evaporated Milk Creamy 1 L,SSS-001138,,food_beverage,carton,,36,8,2,115.00
Sari-Sari Store,Great Taste 3-in-1 Coffee Barako 30 g,SSS-001139,,food_beverage,sachet,,34,9,3,13.44
Sari-Sari Store,San Mig 3-in-1 Coffee Creamy White 25 g 10-pack,SSS-001140,,food_beverage,bundle,,18,6,2,110.00
Sari-Sari Store,San Mig 3-in-1 Coffee Creamy White 18 g 10-pack,SSS-001141,,food_beverage,bundle,,7,10,3,80.00
Sari-Sari Store,Kopiko 3-in-1 Coffee Mild 18 g,SSS-001142,,food_beverage,sachet,,15,9,3,7.84
Sari-Sari Store,Blend 45 3-in-1 Coffee Mild 50 g 10-pack,SSS-001143,,food_beverage,bundle,,2,16,5,234.60
Sari-Sari Store,Nido Powdered Milk Fortified 30 g,SSS-001144,,food_beverage,sachet,,4,13,4,13.00
Sari-Sari Store,Kopiko Instant Coffee Barako 50 g 10-pack,SSS-001145,,food_beverage,bundle,,27,16,5,215.60
Sari-Sari Store,Nescafe 3-in-1 Coffee Barako 25 g 10-pack,SSS-001146,,food_beverage,bundle,,0,12,4,103.40
Sari-Sari Store,Great Taste 3-in-1 Coffee Strong 25 g,SSS-001147,,food_beverage,sachet,,19,18,6,10.56
Sari-Sari Store,Blend 45 Instant Coffee Brown Coffee 50 g,SSS-001148,,food_beverage,sachet,,3,13,4,22.44
Sari-Sari Store,San Mig 3-in-1 Coffee Barako 50 g,SSS-001149,,food_beverage,sachet,,47,12,4,23.00
Sari-Sari Store,Kopiko 3-in-1 Coffee Brown Coffee 30 g 10-pack,SSS-001150,,food_beverage,bundle,,22,17,5,137.20
Sari-Sari Store,Great Taste Instant Coffee Barako 30 g,SSS-001151,,food_beverage,sachet,,34,11,3,12.48
Sari-Sari Store,Kopiko Instant Coffee Strong 18 g 10-pack,SSS-001152,,food_beverage,bundle,,15,17,5,68.60
Sari-Sari Store,Kopiko Instant Coffee Sugar-Free 30 g,SSS-001153,,food_beverage,sachet,,47,18,6,12.74
Sari-Sari Store,Angel Evaporated Milk Original 370 mL 3-pack,SSS-001154,,food_beverage,bundle,,7,17,5,144.00
Sari-Sari Store,Kool-Aid Powdered Juice Orange 25 g 10-pack,SSS-001155,,food_beverage,bundle,,46,16,5,80.00
Sari-Sari Store,Angel Evaporated Milk Creamy 154 mL,SSS-001156,,food_beverage,can,,18,10,3,25.00
Sari-Sari Store,Zest-O Powdered Juice Mango 20 g,SSS-001157,,food_beverage,sachet,,48,11,3,5.88
Sari-Sari Store,Blend 45 3-in-1 Coffee Original 18 g,SSS-001158,,food_beverage,sachet,,43,6,2,8.16
Sari-Sari Store,Kool-Aid Powdered Juice Grape 25 g,SSS-001159,,food_beverage,sachet,,22,11,3,8.00
Sari-Sari Store,Energen Chocolate Malt Drink Strawberry 25 g 10-pack,SSS-001160,,food_beverage,bundle,,53,17,5,96.00
Sari-Sari Store,Milo Chocolate Malt Drink Chocolate 50 g,SSS-001161,,food_beverage,sachet,,10,7,2,18.80
Sari-Sari Store,Nido Powdered Milk Fortified 30 g 10-pack,SSS-001162,,food_beverage,bundle,,25,9,3,130.00
Sari-Sari Store,Kopiko 3-in-1 Coffee Creamy White 18 g 10-pack,SSS-001163,,food_beverage,bundle,,22,8,2,78.40
Sari-Sari Store,Nescafe 3-in-1 Coffee Mild 18 g,SSS-001164,,food_beverage,sachet,,8,12,4,7.52
Sari-Sari Store,Kool-Aid Powdered Juice Pineapple 20 g 10-pack,SSS-001165,,food_beverage,bundle,,19,9,3,60.00
Sari-Sari Store,Carnation Condensed Milk Original 1 kg,SSS-001166,,food_beverage,pouch,,29,13,4,122.88
Sari-Sari Store,Alaska Powdered Milk Original 30 g,SSS-001167,,food_beverage,sachet,,10,9,3,12.48
Sari-Sari Store,Milo Chocolate Malt Drink Original 25 g,SSS-001168,,food_beverage,sachet,,12,10,3,9.40
Sari-Sari Store,Birch Tree Powdered Milk Choco 50 g,SSS-001169,,food_beverage,sachet,,53,17,5,20.58
Sari-Sari Store,Kopiko 3-in-1 Coffee Original 25 g 10-pack,SSS-001170,,food_beverage,bundle,,6,14,4,107.80
Sari-Sari Store,Energen Chocolate Malt Drink Chocolate 25 g 10-pack,SSS-001171,,food_beverage,bundle,,5,18,6,96.00
Sari-Sari Store,Ovaltine Chocolate Malt Drink Vanilla 25 g 10-pack,SSS-001172,,food_beverage,bundle,,40,15,5,98.00
Sari-Sari Store,Great Taste Instant Coffee Strong 50 g,SSS-001173,,food_beverage,sachet,,47,12,4,21.12
Sari-Sari Store,Great Taste 3-in-1 Coffee Original 25 g,SSS-001174,,food_beverage,sachet,,12,10,3,10.56
Sari-Sari Store,Ovaltine Chocolate Malt Drink Original 22 g,SSS-001175,,food_beverage,sachet,,48,13,4,7.84
Sari-Sari Store,Nescafe Instant Coffee Strong 18 g 10-pack,SSS-001176,,food_beverage,bundle,,35,17,5,65.80
Sari-Sari Store,Birch Tree Powdered Milk Adult Plus 22 g 10-pack,SSS-001177,,food_beverage,bundle,,52,8,2,88.20
Sari-Sari Store,Great Taste 3-in-1 Coffee Mild 25 g,SSS-001178,,food_beverage,sachet,,10,15,5,10.56
Sari-Sari Store,Alaska Powdered Milk Fortified 30 g,SSS-001179,,food_beverage,sachet,,7,12,4,12.48
Sari-Sari Store,Bear Brand Powdered Milk Fortified 22 g,SSS-001180,,food_beverage,sachet,,31,13,4,8.46
Sari-Sari Store,Milo Chocolate Malt Drink Strawberry 22 g,SSS-001181,,food_beverage,sachet,,25,8,2,7.52
Sari-Sari Store,Kopiko 3-in-1 Coffee Barako 25 g,SSS-001182,,food_beverage,sachet,,9,15,5,10.78
Sari-Sari Store,Kopiko Instant Coffee Barako 50 g,SSS-001183,,food_beverage,sachet,,21,18,6,21.56
Sari-Sari Store,Tang Powdered Juice Calamansi 20 g,SSS-001184,,food_beverage,sachet,,31,9,3,5.64
Sari-Sari Store,San Mig Instant Coffee Brown Coffee 30 g,SSS-001185,,food_beverage,sachet,,37,16,5,13.00
Sari-Sari Store,Great Taste Instant Coffee Original 25 g,SSS-001186,,food_beverage,sachet,,46,9,3,9.60
Sari-Sari Store,Bear Brand Powdered Milk Adult Plus 30 g 10-pack,SSS-001187,,food_beverage,bundle,,1,14,4,122.20
Sari-Sari Store,Angel Condensed Milk Creamy 390 g 3-pack,SSS-001188,,food_beverage,bundle,,11,15,5,168.00
Sari-Sari Store,Jersey Condensed Milk Creamy 300 mL 3-pack,SSS-001189,,food_beverage,bundle,,17,13,4,132.30
Sari-Sari Store,Blend 45 3-in-1 Coffee Barako 18 g,SSS-001190,,food_beverage,sachet,,19,9,3,8.16
Sari-Sari Store,Jersey Condensed Milk Caramel 300 mL 3-pack,SSS-001191,,food_beverage,bundle,,24,15,5,132.30
Sari-Sari Store,Kopiko 3-in-1 Coffee Original 50 g,SSS-001192,,food_beverage,sachet,,45,11,3,22.54
Sari-Sari Store,Nescafe Instant Coffee Strong 18 g,SSS-001193,,food_beverage,sachet,,23,8,2,6.58
Sari-Sari Store,Great Taste 3-in-1 Coffee Barako 30 g 10-pack,SSS-001194,,food_beverage,bundle,,38,8,2,134.40
Sari-Sari Store,Alaska Condensed Milk Creamy 1 kg 3-pack,SSS-001195,,food_beverage,bundle,,52,16,5,360.96
Sari-Sari Store,Nescafe 3-in-1 Coffee Original 30 g 10-pack,SSS-001196,,food_beverage,bundle,,43,17,5,131.60
Sari-Sari Store,Nido Powdered Milk Choco 30 g 10-pack,SSS-001197,,food_beverage,bundle,,2,18,6,130.00
Sari-Sari Store,Great Taste 3-in-1 Coffee Mild 18 g,SSS-001198,,food_beverage,sachet,,32,12,4,7.68
Sari-Sari Store,San Mig Instant Coffee Brown Coffee 18 g,SSS-001199,,food_beverage,sachet,,15,18,6,7.00
Sari-Sari Store,Kool-Aid Powdered Juice Fruit Punch 100 g 10-pack,SSS-001200,,food_beverage,bundle,,43,12,4,270.00
Sari-Sari Store,Jersey Condensed Milk Original 1 kg,SSS-001201,,food_beverage,pouch,,27,13,4,125.44
Sari-Sari Store,Alaska Evaporated Milk Creamy 370 mL,SSS-001202,,food_beverage,can,,8,7,2,45.12
Sari-Sari Store,San Mig 3-in-1 Coffee Creamy White 25 g,SSS-001203,,food_beverage,sachet,,27,18,6,11.00
Sari-Sari Store,Bear Brand Powdered Milk Original 30 g 10-pack,SSS-001204,,food_beverage,bundle,,41,15,5,122.20
Sari-Sari Store,Alaska Condensed Milk Caramel 300 mL,SSS-001205,,food_beverage,can,,42,17,5,42.30
Sari-Sari Store,Milo Chocolate Malt Drink Original 25 g 10-pack,SSS-001206,,food_beverage,bundle,,46,14,4,94.00
Sari-Sari Store,San Mig 3-in-1 Coffee Mild 18 g,SSS-001207,,food_beverage,sachet,,55,12,4,8.00
Sari-Sari Store,Energen Chocolate Malt Drink Strawberry 22 g,SSS-001208,,food_beverage,sachet,,29,18,6,7.68
Sari-Sari Store,Eight O'Clock Powdered Juice Pineapple 100 g,SSS-001209,,food_beverage,pouch,,49,7,2,25.92
Sari-Sari Store,Nescafe 3-in-1 Coffee Creamy White 18 g 10-pack,SSS-001210,,food_beverage,bundle,,26,16,5,75.20
Sari-Sari Store,Kopiko Instant Coffee Original 30 g,SSS-001211,,food_beverage,sachet,,40,9,3,12.74
Sari-Sari Store,Kopiko Instant Coffee Strong 25 g 10-pack,SSS-001212,,food_beverage,bundle,,10,17,5,98.00
Sari-Sari Store,Alaska Evaporated Milk Original 370 mL,SSS-001213,,food_beverage,can,,49,6,2,45.12
Sari-Sari Store,San Mig Instant Coffee Brown Coffee 50 g 10-pack,SSS-001214,,food_beverage,bundle,,15,11,3,220.00
Sari-Sari Store,Nescafe Instant Coffee Original 18 g 10-pack,SSS-001215,,food_beverage,bundle,,27,7,2,65.80
Sari-Sari Store,Birch Tree Powdered Milk Adult Plus 50 g,SSS-001216,,food_beverage,sachet,,3,13,4,20.58
Sari-Sari Store,Blend 45 3-in-1 Coffee Mild 25 g 10-pack,SSS-001217,,food_beverage,bundle,,41,15,5,112.20
Sari-Sari Store,San Mig Instant Coffee Barako 18 g 10-pack,SSS-001218,,food_beverage,bundle,,34,13,4,70.00
Sari-Sari Store,Kopiko Instant Coffee Sugar-Free 25 g 10-pack,SSS-001219,,food_beverage,bundle,,10,11,3,98.00
Sari-Sari Store,Great Taste Instant Coffee Strong 30 g 10-pack,SSS-001220,,food_beverage,bundle,,45,10,3,124.80
Sari-Sari Store,San Mig Instant Coffee Creamy White 50 g 10-pack,SSS-001221,,food_beverage,bundle,,20,13,4,220.00
Sari-Sari Store,Great Taste 3-in-1 Coffee Brown Coffee 18 g 10-pack,SSS-001222,,food_beverage,bundle,,4,17,5,76.80
Sari-Sari Store,Alaska Evaporated Milk Filled 250 mL 3-pack,SSS-001223,,food_beverage,bundle,,17,16,5,101.52
Sari-Sari Store,Kopiko 3-in-1 Coffee Strong 30 g,SSS-001224,,food_beverage,sachet,,44,12,4,13.72
Sari-Sari Store,Alaska Evaporated Milk Creamy 1 L 3-pack,SSS-001225,,food_beverage,bundle,,47,15,5,324.30
Sari-Sari Store,Blend 45 3-in-1 Coffee Original 50 g 10-pack,SSS-001226,,food_beverage,bundle,,45,9,3,234.60
Sari-Sari Store,Energen Chocolate Malt Drink Original 22 g,SSS-001227,,food_beverage,sachet,,50,11,3,7.68
Sari-Sari Store,Angel Evaporated Milk Filled 370 mL 3-pack,SSS-001228,,food_beverage,bundle,,24,8,2,144.00
Sari-Sari Store,Eight O'Clock Powdered Juice Mango 25 g 10-pack,SSS-001229,,food_beverage,bundle,,33,17,5,76.80
Sari-Sari Store,Tang Powdered Juice Calamansi 100 g,SSS-001230,,food_beverage,pouch,,34,17,5,25.38
Sari-Sari Store,Kopiko 3-in-1 Coffee Mild 25 g 10-pack,SSS-001231,,food_beverage,bundle,,36,7,2,107.80
Sari-Sari Store,Great Taste 3-in-1 Coffee Brown Coffee 25 g 10-pack,SSS-001232,,food_beverage,bundle,,47,18,6,105.60
Sari-Sari Store,Nescafe 3-in-1 Coffee Brown Coffee 50 g 10-pack,SSS-001233,,food_beverage,bundle,,21,13,4,216.20
Sari-Sari Store,Angel Condensed Milk Original 300 mL 3-pack,SSS-001234,,food_beverage,bundle,,10,9,3,135.00
Sari-Sari Store,Alaska Condensed Milk Creamy 300 mL,SSS-001235,,food_beverage,can,,5,17,5,42.30
Sari-Sari Store,Kool-Aid Powdered Juice Grape 100 g 10-pack,SSS-001236,,food_beverage,bundle,,12,16,5,270.00
Sari-Sari Store,Tang Powdered Juice Grape 20 g,SSS-001237,,food_beverage,sachet,,25,8,2,5.64
Sari-Sari Store,Kopiko Instant Coffee Barako 30 g 10-pack,SSS-001238,,food_beverage,bundle,,35,18,6,127.40
Sari-Sari Store,Great Taste Instant Coffee Strong 30 g,SSS-001239,,food_beverage,sachet,,44,16,5,12.48
Sari-Sari Store,Angel Condensed Milk Creamy 300 mL 3-pack,SSS-001240,,food_beverage,bundle,,1,6,2,135.00
Sari-Sari Store,San Mig 3-in-1 Coffee Barako 18 g 10-pack,SSS-001241,,food_beverage,bundle,,3,18,6,80.00
Sari-Sari Store,Alaska Condensed Milk Caramel 390 g 3-pack,SSS-001242,,food_beverage,bundle,,2,7,2,157.92
Sari-Sari Store,Kopiko Instant Coffee Creamy White 30 g 10-pack,SSS-001243,,food_beverage,bundle,,12,15,5,127.40
Sari-Sari Store,Alaska Powdered Milk Choco 50 g,SSS-001244,,food_beverage,sachet,,44,10,3,20.16
Sari-Sari Store,Alaska Evaporated Milk Original 250 mL 3-pack,SSS-001245,,food_beverage,bundle,,47,10,3,101.52
Sari-Sari Store,San Mig 3-in-1 Coffee Original 25 g,SSS-001246,,food_beverage,sachet,,9,8,2,11.00
Sari-Sari Store,Kopiko 3-in-1 Coffee Barako 25 g 10-pack,SSS-001247,,food_beverage,bundle,,60,6,2,107.80
Sari-Sari Store,Birch Tree Powdered Milk Fortified 50 g,SSS-001248,,food_beverage,sachet,,25,14,4,20.58
Sari-Sari Store,Angel Condensed Milk Original 168 mL,SSS-001249,,food_beverage,can,,18,15,5,27.00
Sari-Sari Store,Ovaltine Chocolate Malt Drink Chocolate 22 g 10-pack,SSS-001250,,food_beverage,bundle,,52,10,3,78.40
Sari-Sari Store,Nescafe 3-in-1 Coffee Mild 50 g 10-pack,SSS-001251,,food_beverage,bundle,,60,17,5,216.20
Sari-Sari Store,Great Taste 3-in-1 Coffee Strong 30 g,SSS-001252,,food_beverage,sachet,,1,6,2,13.44
Sari-Sari Store,Eight O'Clock Powdered Juice Grape 25 g,SSS-001253,,food_beverage,sachet,,51,17,5,7.68
Sari-Sari Store,Nescafe Instant Coffee Creamy White 25 g,SSS-001254,,food_beverage,sachet,,19,18,6,9.40
Sari-Sari Store,Tang Powdered Juice Mango 20 g,SSS-001255,,food_beverage,sachet,,41,16,5,5.64
Sari-Sari Store,Carnation Condensed Milk Creamy 1 kg,SSS-001256,,food_beverage,pouch,,28,10,3,122.88
Sari-Sari Store,Energen Chocolate Malt Drink Vanilla 50 g,SSS-001257,,food_beverage,sachet,,44,14,4,19.20
Sari-Sari Store,Great Taste 3-in-1 Coffee Brown Coffee 25 g,SSS-001258,,food_beverage,sachet,,16,15,5,10.56
Sari-Sari Store,Kool-Aid Powdered Juice Fruit Punch 25 g 10-pack,SSS-001259,,food_beverage,bundle,,24,18,6,80.00
Sari-Sari Store,Great Taste Instant Coffee Strong 25 g,SSS-001260,,food_beverage,sachet,,25,11,3,9.60
Sari-Sari Store,Hapee Toothpaste Total Protection 100 g 3-pack,SSS-001261,,health_beauty,bundle,,4,13,4,158.76
Sari-Sari Store,Palmolive Shampoo Moisture 180 mL,SSS-001262,,health_beauty,bottle,,22,17,5,80.36
Sari-Sari Store,Oral-B Toothbrush Kids 3 pc 2-pack,SSS-001263,,health_beauty,bundle,,9,18,6,94.08
Sari-Sari Store,Pantene Shampoo Moisture 70 mL 6-pack,SSS-001264,,health_beauty,bundle,,36,14,4,214.20
Sari-Sari Store,Safeguard Bath Soap Papaya 135 g,SSS-001265,,health_beauty,bar,,52,7,2,35.72
Sari-Sari Store,Oral-B Toothbrush Medium 2 pc,SSS-001266,,health_beauty,pack,,55,17,5,33.32
Sari-Sari Store,Creamsilk Shampoo Moisture 12 mL,SSS-001267,,health_beauty,sachet,,35,11,3,4.80
Sari-Sari Store,Closeup Toothpaste Mint 150 g 3-pack,SSS-001268,,health_beauty,bundle,,48,11,3,227.52
Sari-Sari Store,Carefree Sanitary Napkins Overnight 24 pc,SSS-001269,,health_beauty,pack,,58,6,2,90.78
Sari-Sari Store,Pantene Shampoo Silky Straight 70 mL,SSS-001270,,health_beauty,bottle,,33,7,2,35.70
Sari-Sari Store,Safeguard Bath Soap Whitening 135 g,SSS-001271,,health_beauty,bar,,51,6,2,35.72
Sari-Sari Store,Hapee Toothpaste Herbal 100 g 3-pack,SSS-001272,,health_beauty,bundle,,7,10,3,158.76
Sari-Sari Store,Palmolive Conditioner Silky Straight 70 mL,SSS-001273,,health_beauty,bottle,,15,9,3,34.56
Sari-Sari Store,Modess Sanitary Napkins Regular 24 pc 2-pack,SSS-001274,,health_beauty,bundle,,1,8,2,170.88
Sari-Sari Store,Charmee Sanitary Napkins Overnight 8 pc,SSS-001275,,health_beauty,pack,,24,16,5,31.36
Sari-Sari Store,Palmolive Conditioner Moisture 6 mL 6-pack,SSS-001276,,health_beauty,bundle,,24,10,3,14.40
Sari-Sari Store,Belo Body Lotion Aloe 100 mL,SSS-001277,,health_beauty,bottle,,31,11,3,65.00
Sari-Sari Store,Sisters Sanitary Napkins Wings 16 pc 2-pack,SSS-001278,,health_beauty,bundle,,35,9,3,118.00
Sari-Sari Store,Rejoice Shampoo Moisture 180 mL,SSS-001279,,health_beauty,bottle,,58,7,2,85.28
Sari-Sari Store,Pantene Shampoo Smooth 6 mL 6-pack,SSS-001280,,health_beauty,bundle,,50,12,4,15.30
Sari-Sari Store,Nivea Body Lotion Whitening 10 mL,SSS-001281,,health_beauty,sachet,,6,10,3,7.52
Sari-Sari Store,Colgate Toothbrush Hard 2 pc 2-pack,SSS-001282,,health_beauty,bundle,,17,6,2,63.92
Sari-Sari Store,Palmolive Bath Soap Papaya 60 g 3-pack,SSS-001283,,health_beauty,bundle,,1,15,5,52.92
Sari-Sari Store,Dentiste Toothbrush Soft 1 pc,SSS-001284,,health_beauty,piece,,48,9,3,18.36
Sari-Sari Store,Head & Shoulders Shampoo Color Protect 12 mL 6-pack,SSS-001285,,health_beauty,bundle,,55,8,2,30.00
Sari-Sari Store,Rexona Deodorant Sport 50 mL 2-pack,SSS-001286,,health_beauty,bundle,,18,8,2,90.24
Sari-Sari Store,Creamsilk Shampoo Anti-Dandruff 180 mL,SSS-001287,,health_beauty,bottle,,22,13,4,78.72
Sari-Sari Store,Oral-B Toothbrush Hard 3 pc,SSS-001288,,health_beauty,pack,,48,9,3,47.04
Sari-Sari Store,Palmolive Bath Soap Original 135 g,SSS-001289,,health_beauty,bar,,41,15,5,37.24
Sari-Sari Store,Charmee Sanitary Napkins Ultra Thin 16 pc 2-pack,SSS-001290,,health_beauty,bundle,,57,18,6,115.64
Sari-Sari Store,Carefree Sanitary Napkins Overnight 16 pc 2-pack,SSS-001291,,health_beauty,bundle,,35,17,5,120.36
Sari-Sari Store,Creamsilk Shampoo Smooth 180 mL,SSS-001292,,health_beauty,bottle,,31,12,4,78.72
Sari-Sari Store,Oral-B Toothbrush Hard 2 pc 2-pack,SSS-001293,,health_beauty,bundle,,47,11,3,66.64
Sari-Sari Store,Palmolive Bath Soap Moisturizing 90 g 3-pack,SSS-001294,,health_beauty,bundle,,57,15,5,79.38
Sari-Sari Store,Palmolive Shampoo Moisture 180 mL 6-pack,SSS-001295,,health_beauty,bundle,,14,13,4,482.16
Sari-Sari Store,Irish Spring Bath Soap Fresh 150 mL 3-pack,SSS-001296,,health_beauty,bundle,,55,13,4,121.68
Sari-Sari Store,Sensodyne Toothpaste Mint 50 g,SSS-001297,,health_beauty,tube,,28,18,6,28.00
Sari-Sari Store,Head & Shoulders Shampoo Smooth 12 mL 6-pack,SSS-001298,,health_beauty,bundle,,12,17,5,30.00
Sari-Sari Store,Closeup Toothpaste Fresh 50 g,SSS-001299,,health_beauty,tube,,47,13,4,26.88
Sari-Sari Store,Sunsilk Shampoo Smooth 180 mL 6-pack,SSS-001300,,health_beauty,bundle,,21,17,5,462.48
Sari-Sari Store,Creamsilk Conditioner Smooth 6 mL 6-pack,SSS-001301,,health_beauty,bundle,,49,9,3,14.10
Sari-Sari Store,Pantene Shampoo Smooth 70 mL 6-pack,SSS-001302,,health_beauty,bundle,,36,6,2,214.20
Sari-Sari Store,Colgate Toothpaste Whitening 10 g,SSS-001303,,health_beauty,sachet,,20,6,2,4.70
Sari-Sari Store,Milcu Deodorant Invisible 10 mL,SSS-001304,,health_beauty,sachet,,41,9,3,12.00
Sari-Sari Store,Colgate Toothpaste Total Protection 100 g 3-pack,SSS-001305,,health_beauty,bundle,,26,18,6,152.28
Sari-Sari Store,Milcu Deodorant Invisible 10 mL 2-pack,SSS-001306,,health_beauty,bundle,,39,13,4,24.00
Sari-Sari Store,Colgate Toothpaste Whitening 10 g 3-pack,SSS-001307,,health_beauty,bundle,,9,17,5,14.10
Sari-Sari Store,Creamsilk Conditioner Moisture 12 mL,SSS-001308,,health_beauty,sachet,,17,6,2,4.70
Sari-Sari Store,Creamsilk Conditioner Silky Straight 70 mL,SSS-001309,,health_beauty,bottle,,21,11,3,33.84
Sari-Sari Store,Vaseline Body Lotion Whitening 100 mL 2-pack,SSS-001310,,health_beauty,bundle,,44,16,5,124.80
Sari-Sari Store,Sunsilk Shampoo Anti-Dandruff 12 mL,SSS-001311,,health_beauty,sachet,,20,8,2,4.70
Sari-Sari Store,Modess Sanitary Napkins Overnight 16 pc,SSS-001312,,health_beauty,pack,,11,11,3,56.64
Sari-Sari Store,Pantene Conditioner Moisture 6 mL,SSS-001313,,health_beauty,sachet,,43,12,4,2.45
Sari-Sari Store,Creamsilk Shampoo Smooth 12 mL 6-pack,SSS-001314,,health_beauty,bundle,,47,10,3,28.80
Sari-Sari Store,Milcu Deodorant Sport 50 mL 2-pack,SSS-001315,,health_beauty,bundle,,9,11,3,96.00
Sari-Sari Store,Sunsilk Conditioner Smooth 180 mL 6-pack,SSS-001316,,health_beauty,bundle,,2,14,4,504.00
Sari-Sari Store,Nivea Deodorant Invisible 25 mL,SSS-001317,,health_beauty,roll-on,,23,10,3,24.00
Sari-Sari Store,Closeup Toothpaste Mint 150 g,SSS-001318,,health_beauty,tube,,17,16,5,75.84
Sari-Sari Store,Vaseline Body Lotion Moisture 50 mL 2-pack,SSS-001319,,health_beauty,bundle,,27,14,4,67.20
Sari-Sari Store,Palmolive Conditioner Smooth 12 mL,SSS-001320,,health_beauty,sachet,,46,18,6,4.80
Sari-Sari Store,Dove Bath Soap Moisturizing 60 g 3-pack,SSS-001321,,health_beauty,bundle,,31,8,2,51.84
Sari-Sari Store,Creamsilk Shampoo Silky Straight 6 mL 6-pack,SSS-001322,,health_beauty,bundle,,50,8,2,14.40
Sari-Sari Store,Modess Sanitary Napkins Ultra Thin 24 pc 2-pack,SSS-001323,,health_beauty,bundle,,2,11,3,170.88
Sari-Sari Store,Milcu Deodorant Powder Dry 25 mL,SSS-001324,,health_beauty,roll-on,,35,16,5,25.00
Sari-Sari Store,Dove Bath Soap Original 90 g,SSS-001325,,health_beauty,bar,,45,18,6,25.92
Sari-Sari Store,Vaseline Body Lotion Sun Protect 50 mL 2-pack,SSS-001326,,health_beauty,bundle,,20,15,5,67.20
Sari-Sari Store,Charmee Sanitary Napkins Wings 16 pc,SSS-001327,,health_beauty,pack,,29,18,6,57.82
Sari-Sari Store,Safeguard Bath Soap Antibacterial 90 g 3-pack,SSS-001328,,health_beauty,bundle,,26,17,5,76.14
Sari-Sari Store,Dove Deodorant Fresh 50 mL,SSS-001329,,health_beauty,roll-on,,54,9,3,47.04
Sari-Sari Store,Hapee Toothbrush Kids 3 pc,SSS-001330,,health_beauty,pack,,56,15,5,48.00
Sari-Sari Store,Silka Body Lotion Whitening 50 mL,SSS-001331,,health_beauty,bottle,,47,17,5,34.30
Sari-Sari Store,Sensodyne Toothpaste Charcoal 10 g,SSS-001332,,health_beauty,sachet,,31,9,3,5.00
Sari-Sari Store,Nivea Deodorant Sport 10 mL 2-pack,SSS-001333,,health_beauty,bundle,,9,11,3,23.04
Sari-Sari Store,Carefree Sanitary Napkins Ultra Thin 16 pc,SSS-001334,,health_beauty,pack,,21,8,2,60.18
Sari-Sari Store,Bioderm Bath Soap Papaya 60 g,SSS-001335,,health_beauty,bar,,13,8,2,18.00
Sari-Sari Store,Head & Shoulders Shampoo Color Protect 6 mL 6-pack,SSS-001336,,health_beauty,bundle,,29,7,2,15.00
Sari-Sari Store,Creamsilk Shampoo Hair Fall Control 180 mL,SSS-001337,,health_beauty,bottle,,37,13,4,78.72
Sari-Sari Store,Dove Bath Soap Whitening 60 g,SSS-001338,,health_beauty,bar,,49,15,5,17.28
Sari-Sari Store,Dove Deodorant Sport 150 mL,SSS-001339,,health_beauty,spray,,19,15,5,87.22
Sari-Sari Store,Palmolive Conditioner Moisture 70 mL,SSS-001340,,health_beauty,bottle,,2,9,3,34.56
Sari-Sari Store,Head & Shoulders Shampoo Moisture 12 mL 6-pack,SSS-001341,,health_beauty,bundle,,31,18,6,30.00
Sari-Sari Store,Creamsilk Conditioner Damage Repair 6 mL,SSS-001342,,health_beauty,sachet,,2,15,5,2.35
Sari-Sari Store,Sisters Sanitary Napkins Wings 8 pc,SSS-001343,,health_beauty,pack,,10,17,5,32.00
Sari-Sari Store,Creamsilk Conditioner Silky Straight 180 mL,SSS-001344,,health_beauty,bottle,,33,16,5,78.96
Sari-Sari Store,Silka Bath Soap Antibacterial 90 g,SSS-001345,,health_beauty,bar,,38,12,4,27.54
Sari-Sari Store,Creamsilk Shampoo Hair Fall Control 12 mL,SSS-001346,,health_beauty,sachet,,35,7,2,4.80
Sari-Sari Store,Pantene Conditioner Damage Repair 180 mL,SSS-001347,,health_beauty,bottle,,28,16,5,82.32
Sari-Sari Store,Closeup Toothpaste Fresh 150 g,SSS-001348,,health_beauty,tube,,57,7,2,75.84
Sari-Sari Store,Sunsilk Conditioner Silky Straight 180 mL 6-pack,SSS-001349,,health_beauty,bundle,,48,8,2,504.00
Sari-Sari Store,Palmolive Bath Soap Original 90 g,SSS-001350,,health_beauty,bar,,13,11,3,26.46
Sari-Sari Store,Palmolive Bath Soap Fresh 60 g,SSS-001351,,health_beauty,bar,,38,14,4,17.64
Sari-Sari Store,Bioderm Bath Soap Antibacterial 60 g 3-pack,SSS-001352,,health_beauty,bundle,,2,10,3,54.00
Sari-Sari Store,Colgate Toothbrush Hard 1 pc,SSS-001353,,health_beauty,piece,,53,12,4,16.92
Sari-Sari Store,Belo Body Lotion Moisture 100 mL,SSS-001354,,health_beauty,bottle,,57,14,4,65.00
Sari-Sari Store,Nivea Body Lotion Aloe 50 mL,SSS-001355,,health_beauty,bottle,,59,8,2,32.90
Sari-Sari Store,Modess Sanitary Napkins Wings 8 pc 2-pack,SSS-001356,,health_beauty,bundle,,7,12,4,61.44
Sari-Sari Store,Belo Deodorant Cool 150 mL,SSS-001357,,health_beauty,spray,,46,12,4,90.78
Sari-Sari Store,Sunsilk Shampoo Fresh 12 mL 6-pack,SSS-001358,,health_beauty,bundle,,43,9,3,28.20
Sari-Sari Store,Creamsilk Shampoo Moisture 180 mL,SSS-001359,,health_beauty,bottle,,15,7,2,78.72
Sari-Sari Store,Creamsilk Shampoo Smooth 180 mL 6-pack,SSS-001360,,health_beauty,bundle,,26,12,4,472.32
Sari-Sari Store,Silka Bath Soap Fresh 135 g,SSS-001361,,health_beauty,bar,,24,9,3,38.76
Sari-Sari Store,Closeup Toothpaste Whitening 150 g,SSS-001362,,health_beauty,tube,,52,12,4,75.84
Sari-Sari Store,Silka Bath Soap Original 90 g,SSS-001363,,health_beauty,bar,,20,13,4,27.54
Sari-Sari Store,Palmolive Bath Soap Papaya 60 g,SSS-001364,,health_beauty,bar,,40,11,3,17.64
Sari-Sari Store,Belo Deodorant Fresh 150 mL,SSS-001365,,health_beauty,spray,,37,10,3,90.78
Sari-Sari Store,Charmee Sanitary Napkins Regular 24 pc 2-pack,SSS-001366,,health_beauty,bundle,,18,17,5,174.44
Sari-Sari Store,Closeup Toothpaste Total Protection 150 g,SSS-001367,,health_beauty,tube,,51,11,3,75.84
Sari-Sari Store,Creamsilk Shampoo Color Protect 180 mL 6-pack,SSS-001368,,health_beauty,bundle,,28,6,2,472.32
Sari-Sari Store,Rexona Deodorant Sport 150 mL 2-pack,SSS-001369,,health_beauty,bundle,,55,11,3,167.32
Sari-Sari Store,Belo Deodorant Sport 50 mL 2-pack,SSS-001370,,health_beauty,bundle,,22,15,5,97.92
Sari-Sari Store,Carefree Sanitary Napkins Ultra Thin 8 pc 2-pack,SSS-001371,,health_beauty,bundle,,48,12,4,65.28
Sari-Sari Store,Closeup Toothpaste Charcoal 100 g 3-pack,SSS-001372,,health_beauty,bundle,,51,18,6,155.52
Sari-Sari Store,Silka Bath Soap Original 135 g,SSS-001373,,health_beauty,bar,,56,10,3,38.76
Sari-Sari Store,Bioderm Bath Soap Papaya 135 g 3-pack,SSS-001374,,health_beauty,bundle,,28,7,2,114.00
Sari-Sari Store,Closeup Toothpaste Total Protection 10 g 3-pack,SSS-001375,,health_beauty,bundle,,55,17,5,14.40
Sari-Sari Store,Silka Body Lotion Sun Protect 50 mL,SSS-001376,,health_beauty,bottle,,7,15,5,34.30
Sari-Sari Store,Belo Body Lotion Whitening 50 mL 2-pack,SSS-001377,,health_beauty,bundle,,49,18,6,70.00
Sari-Sari Store,Nivea Body Lotion Whitening 200 mL 2-pack,SSS-001378,,health_beauty,bundle,,53,13,4,221.84
Sari-Sari Store,Irish Spring Bath Soap Antibacterial 90 g 3-pack,SSS-001379,,health_beauty,bundle,,59,9,3,84.24
Sari-Sari Store,Nivea Body Lotion Sun Protect 200 mL,SSS-001380,,health_beauty,bottle,,45,9,3,110.92
Sari-Sari Store,Safeguard Bath Soap Original 60 g 3-pack,SSS-001381,,health_beauty,bundle,,10,11,3,50.76
Sari-Sari Store,Palmolive Shampoo Anti-Dandruff 70 mL,SSS-001382,,health_beauty,bottle,,20,7,2,34.30
Sari-Sari Store,Dove Bath Soap Moisturizing 135 g 3-pack,SSS-001383,,health_beauty,bundle,,15,16,5,109.44
Sari-Sari Store,Sunsilk Shampoo Anti-Dandruff 70 mL,SSS-001384,,health_beauty,bottle,,39,10,3,32.90
Sari-Sari Store,Bioderm Bath Soap Original 135 g,SSS-001385,,health_beauty,bar,,55,6,2,38.00
Sari-Sari Store,Closeup Toothpaste Mint 50 g,SSS-001386,,health_beauty,tube,,14,8,2,26.88
Sari-Sari Store,Head & Shoulders Shampoo Fresh 6 mL,SSS-001387,,health_beauty,sachet,,50,7,2,2.50
Sari-Sari Store,Creamsilk Shampoo Smooth 12 mL,SSS-001388,,health_beauty,sachet,,49,15,5,4.80
Sari-Sari Store,Vaseline Body Lotion Aloe 200 mL 2-pack,SSS-001389,,health_beauty,bundle,,8,9,3,226.56
Sari-Sari Store,Silka Bath Soap Whitening 150 mL,SSS-001390,,health_beauty,refill,,53,10,3,39.78
Sari-Sari Store,Colgate Toothpaste Total Protection 100 g,SSS-001391,,health_beauty,tube,,39,8,2,50.76
Sari-Sari Store,Bioderm Bath Soap Whitening 90 g,SSS-001392,,health_beauty,bar,,38,18,6,27.00
Sari-Sari Store,Pantene Shampoo Hair Fall Control 12 mL,SSS-001393,,health_beauty,sachet,,17,6,2,5.10
Sari-Sari Store,Rejoice Shampoo Color Protect 12 mL,SSS-001394,,health_beauty,sachet,,58,14,4,5.20
Sari-Sari Store,Charmee Sanitary Napkins Wings 16 pc 2-pack,SSS-001395,,health_beauty,bundle,,1,8,2,115.64
Sari-Sari Store,Silka Bath Soap Whitening 90 g,SSS-001396,,health_beauty,bar,,5,8,2,27.54
Sari-Sari Store,Creamsilk Conditioner Damage Repair 12 mL,SSS-001397,,health_beauty,sachet,,23,13,4,4.70
Sari-Sari Store,Safeguard Bath Soap Antibacterial 60 g 3-pack,SSS-001398,,health_beauty,bundle,,3,17,5,50.76
Sari-Sari Store,Palmolive Conditioner Damage Repair 6 mL 6-pack,SSS-001399,,health_beauty,bundle,,32,15,5,14.40
Sari-Sari Store,Sensodyne Toothpaste Fresh 10 g,SSS-001400,,health_beauty,sachet,,24,8,2,5.00
Sari-Sari Store,Safeguard Bath Soap Papaya 90 g,SSS-001401,,health_beauty,bar,,6,16,5,25.38
Sari-Sari Store,Dentiste Toothbrush Kids 2 pc,SSS-001402,,health_beauty,pack,,25,8,2,34.68
Sari-Sari Store,Vaseline Body Lotion Sun Protect 200 mL 2-pack,SSS-001403,,health_beauty,bundle,,11,18,6,226.56
Sari-Sari Store,Safeguard Bath Soap Original 90 g,SSS-001404,,health_beauty,bar,,5,13,4,25.38
Sari-Sari Store,Hapee Toothbrush Medium 1 pc,SSS-001405,,health_beauty,piece,,32,7,2,18.00
Sari-Sari Store,Safeguard Bath Soap Fresh 150 mL,SSS-001406,,health_beauty,refill,,4,7,2,36.66
Sari-Sari Store,Belo Deodorant Cool 50 mL,SSS-001407,,health_beauty,roll-on,,24,11,3,48.96
Sari-Sari Store,Pantene Shampoo Color Protect 70 mL 6-pack,SSS-001408,,health_beauty,bundle,,9,16,5,214.20
Sari-Sari Store,Sisters Sanitary Napkins Ultra Thin 8 pc 2-pack,SSS-001409,,health_beauty,bundle,,22,12,4,64.00
Sari-Sari Store,Closeup Toothpaste Charcoal 150 g 3-pack,SSS-001410,,health_beauty,bundle,,36,17,5,227.52
Sari-Sari Store,Nivea Deodorant Fresh 25 mL,SSS-001411,,health_beauty,roll-on,,40,16,5,24.00
Sari-Sari Store,Rexona Deodorant Invisible 25 mL 2-pack,SSS-001412,,health_beauty,bundle,,46,9,3,47.00
Sari-Sari Store,Palmolive Bath Soap Papaya 150 mL 3-pack,SSS-001413,,health_beauty,bundle,,57,7,2,114.66
Sari-Sari Store,Modess Sanitary Napkins Wings 16 pc 2-pack,SSS-001414,,health_beauty,bundle,,18,6,2,113.28
Sari-Sari Store,Closeup Toothpaste Whitening 10 g 3-pack,SSS-001415,,health_beauty,bundle,,2,12,4,14.40
Sari-Sari Store,Closeup Toothbrush Hard 2 pc 2-pack,SSS-001416,,health_beauty,bundle,,6,8,2,65.28
Sari-Sari Store,Sunsilk Conditioner Moisture 70 mL,SSS-001417,,health_beauty,bottle,,14,11,3,36.00
Sari-Sari Store,Creamsilk Conditioner Color Protect 6 mL 6-pack,SSS-001418,,health_beauty,bundle,,29,6,2,14.10
Sari-Sari Store,Creamsilk Conditioner Moisture 70 mL 6-pack,SSS-001419,,health_beauty,bundle,,20,9,3,203.04
Sari-Sari Store,Silka Bath Soap Whitening 60 g,SSS-001420,,health_beauty,bar,,19,18,6,18.36
Sari-Sari Store,Palmolive Bath Soap Moisturizing 60 g 3-pack,SSS-001421,,health_beauty,bundle,,1,8,2,52.92
Sari-Sari Store,Rexona Deodorant Sport 10 mL 2-pack,SSS-001422,,health_beauty,bundle,,16,9,3,22.56
Sari-Sari Store,Silka Body Lotion Aloe 100 mL,SSS-001423,,health_beauty,bottle,,55,17,5,63.70
Sari-Sari Store,Head & Shoulders Shampoo Smooth 70 mL,SSS-001424,,health_beauty,bottle,,29,13,4,35.00
Sari-Sari Store,Colgate Toothbrush Medium 1 pc 2-pack,SSS-001425,,health_beauty,bundle,,15,7,2,33.84
Sari-Sari Store,Sensodyne Toothpaste Herbal 100 g 3-pack,SSS-001426,,health_beauty,bundle,,40,15,5,162.00
Sari-Sari Store,Silka Body Lotion Whitening 100 mL,SSS-001427,,health_beauty,bottle,,35,15,5,63.70
Sari-Sari Store,Head & Shoulders Shampoo Fresh 12 mL 6-pack,SSS-001428,,health_beauty,bundle,,45,12,4,30.00
Sari-Sari Store,Pantene Conditioner Moisture 180 mL,SSS-001429,,health_beauty,bottle,,23,7,2,82.32
Sari-Sari Store,Hapee Toothpaste Herbal 10 g 3-pack,SSS-001430,,health_beauty,bundle,,54,11,3,14.70
Sari-Sari Store,Pantene Shampoo Silky Straight 12 mL 6-pack,SSS-001431,,health_beauty,bundle,,30,10,3,30.60
Sari-Sari Store,Creamsilk Shampoo Moisture 6 mL 6-pack,SSS-001432,,health_beauty,bundle,,28,18,6,14.40
Sari-Sari Store,Belo Body Lotion Moisture 10 mL,SSS-001433,,health_beauty,sachet,,44,17,5,8.00
Sari-Sari Store,Creamsilk Shampoo Hair Fall Control 12 mL 6-pack,SSS-001434,,health_beauty,bundle,,21,16,5,28.80
Sari-Sari Store,Dove Deodorant Powder Dry 10 mL,SSS-001435,,health_beauty,sachet,,21,17,5,11.76
Sari-Sari Store,Pantene Conditioner Color Protect 180 mL,SSS-001436,,health_beauty,bottle,,7,9,3,82.32
Sari-Sari Store,Nivea Deodorant Invisible 10 mL,SSS-001437,,health_beauty,sachet,,34,10,3,11.52
Sari-Sari Store,Creamsilk Conditioner Damage Repair 12 mL 6-pack,SSS-001438,,health_beauty,bundle,,33,6,2,28.20
Sari-Sari Store,Pantene Shampoo Color Protect 70 mL,SSS-001439,,health_beauty,bottle,,18,11,3,35.70
Sari-Sari Store,Rejoice Shampoo Anti-Dandruff 70 mL 6-pack,SSS-001440,,health_beauty,bundle,,18,14,4,218.40
Sari-Sari Store,Oral-B Toothbrush Hard 2 pc,SSS-001441,,health_beauty,pack,,15,17,5,33.32
Sari-Sari Store,Pantene Conditioner Moisture 6 mL 6-pack,SSS-001442,,health_beauty,bundle,,39,10,3,14.70
Sari-Sari Store,Sensodyne Toothpaste Charcoal 150 g 3-pack,SSS-001443,,health_beauty,bundle,,39,12,4,237.00
Sari-Sari Store,Milcu Deodorant Sport 25 mL,SSS-001444,,health_beauty,roll-on,,9,13,4,25.00
Sari-Sari Store,Belo Deodorant Invisible 10 mL 2-pack,SSS-001445,,health_beauty,bundle,,24,16,5,24.48
Sari-Sari Store,Sensodyne Toothpaste Total Protection 150 g,SSS-001446,,health_beauty,tube,,37,18,6,79.00
Sari-Sari Store,Rejoice Shampoo Hair Fall Control 12 mL,SSS-001447,,health_beauty,sachet,,42,11,3,5.20
Sari-Sari Store,Safeguard Bath Soap Original 135 g,SSS-001448,,health_beauty,bar,,47,10,3,35.72
Sari-Sari Store,Belo Body Lotion Whitening 100 mL 2-pack,SSS-001449,,health_beauty,bundle,,7,15,5,130.00
Sari-Sari Store,Creamsilk Shampoo Color Protect 70 mL 6-pack,SSS-001450,,health_beauty,bundle,,17,14,4,201.60
Sari-Sari Store,Bioderm Bath Soap Moisturizing 150 mL,SSS-001451,,health_beauty,refill,,7,12,4,39.00
Sari-Sari Store,Creamsilk Conditioner Damage Repair 180 mL 6-pack,SSS-001452,,health_beauty,bundle,,20,16,5,473.76
Sari-Sari Store,Closeup Toothpaste Total Protection 100 g,SSS-001453,,health_beauty,tube,,46,17,5,51.84
Sari-Sari Store,Dove Deodorant Fresh 10 mL 2-pack,SSS-001454,,health_beauty,bundle,,34,17,5,23.52
Sari-Sari Store,Milcu Deodorant Invisible 150 mL,SSS-001455,,health_beauty,spray,,38,14,4,89.00
Sari-Sari Store,Silka Bath Soap Papaya 150 mL 3-pack,SSS-001456,,health_beauty,bundle,,16,16,5,119.34
Sari-Sari Store,Colgate Toothbrush Soft 1 pc,SSS-001457,,health_beauty,piece,,53,8,2,16.92
Sari-Sari Store,Sensodyne Toothpaste Total Protection 10 g,SSS-001458,,health_beauty,sachet,,4,13,4,5.00
Sari-Sari Store,Colgate Toothpaste Mint 10 g,SSS-001459,,health_beauty,sachet,,28,13,4,4.70
Sari-Sari Store,Silka Bath Soap Whitening 60 g 3-pack,SSS-001460,,health_beauty,bundle,,6,6,2,55.08
Sari-Sari Store,Rexona Deodorant Cool 150 mL,SSS-001461,,health_beauty,spray,,57,10,3,83.66
Sari-Sari Store,Palmolive Shampoo Anti-Dandruff 6 mL 6-pack,SSS-001462,,health_beauty,bundle,,58,8,2,14.70
Sari-Sari Store,Head & Shoulders Shampoo Fresh 180 mL 6-pack,SSS-001463,,health_beauty,bundle,,53,12,4,492.00
Sari-Sari Store,Oral-B Toothbrush Medium 1 pc,SSS-001464,,health_beauty,piece,,19,18,6,17.64
Sari-Sari Store,Nivea Deodorant Cool 10 mL,SSS-001465,,health_beauty,sachet,,34,12,4,11.52
Sari-Sari Store,Nivea Deodorant Fresh 10 mL,SSS-001466,,health_beauty,sachet,,58,16,5,11.52
Sari-Sari Store,Sensodyne Toothpaste Whitening 100 g 3-pack,SSS-001467,,health_beauty,bundle,,33,15,5,162.00
Sari-Sari Store,Palmolive Shampoo Hair Fall Control 180 mL 6-pack,SSS-001468,,health_beauty,bundle,,23,18,6,482.16
Sari-Sari Store,Dove Bath Soap Papaya 60 g 3-pack,SSS-001469,,health_beauty,bundle,,33,8,2,51.84
Sari-Sari Store,Belo Deodorant Sport 25 mL,SSS-001470,,health_beauty,roll-on,,46,10,3,25.50
Sari-Sari Store,Sisters Sanitary Napkins Overnight 8 pc 2-pack,SSS-001471,,health_beauty,bundle,,35,13,4,64.00
Sari-Sari Store,Hapee Toothbrush Hard 1 pc,SSS-001472,,health_beauty,piece,,33,8,2,18.00
Sari-Sari Store,Silka Bath Soap Moisturizing 135 g,SSS-001473,,health_beauty,bar,,2,18,6,38.76
Sari-Sari Store,Palmolive Bath Soap Whitening 60 g 3-pack,SSS-001474,,health_beauty,bundle,,20,15,5,52.92
Sari-Sari Store,Silka Bath Soap Papaya 60 g 3-pack,SSS-001475,,health_beauty,bundle,,57,6,2,55.08
Sari-Sari Store,Hapee Toothpaste Fresh 150 g,SSS-001476,,health_beauty,tube,,12,15,5,77.42
Sari-Sari Store,Milcu Deodorant Fresh 50 mL,SSS-001477,,health_beauty,roll-on,,7,18,6,48.00
Sari-Sari Store,Sunsilk Conditioner Silky Straight 12 mL 6-pack,SSS-001478,,health_beauty,bundle,,22,7,2,30.00
Sari-Sari Store,Sunsilk Shampoo Smooth 12 mL 6-pack,SSS-001479,,health_beauty,bundle,,29,6,2,28.20
Sari-Sari Store,Whisper Sanitary Napkins Ultra Thin 24 pc,SSS-001480,,health_beauty,pack,,7,8,2,83.66
Sari-Sari Store,Palmolive Bath Soap Antibacterial 135 g,SSS-001481,,health_beauty,bar,,29,11,3,37.24
Sari-Sari Store,Colgate Toothpaste Fresh 150 g,SSS-001482,,health_beauty,tube,,58,10,3,74.26
Sari-Sari Store,Creamsilk Conditioner Moisture 12 mL 6-pack,SSS-001483,,health_beauty,bundle,,30,9,3,28.20
Sari-Sari Store,Rejoice Shampoo Smooth 70 mL 6-pack,SSS-001484,,health_beauty,bundle,,19,15,5,218.40
Sari-Sari Store,Belo Body Lotion Aloe 10 mL,SSS-001485,,health_beauty,sachet,,15,7,2,8.00
Sari-Sari Store,Palmolive Shampoo Color Protect 180 mL,SSS-001486,,health_beauty,bottle,,44,7,2,80.36
Sari-Sari Store,Head & Shoulders Shampoo Fresh 12 mL,SSS-001487,,health_beauty,sachet,,38,17,5,5.00
Sari-Sari Store,Sensodyne Toothpaste Mint 50 g 3-pack,SSS-001488,,health_beauty,bundle,,55,10,3,84.00
Sari-Sari Store,Head & Shoulders Shampoo Silky Straight 70 mL,SSS-001489,,health_beauty,bottle,,23,15,5,35.00
Sari-Sari Store,Rexona Deodorant Fresh 150 mL 2-pack,SSS-001490,,health_beauty,bundle,,56,7,2,167.32
Sari-Sari Store,Vaseline Body Lotion Sun Protect 100 mL 2-pack,SSS-001491,,health_beauty,bundle,,4,13,4,124.80
Sari-Sari Store,Safeguard Bath Soap Whitening 135 g 3-pack,SSS-001492,,health_beauty,bundle,,56,6,2,107.16
Sari-Sari Store,Pantene Shampoo Fresh 12 mL 6-pack,SSS-001493,,health_beauty,bundle,,12,15,5,30.60
Sari-Sari Store,Colgate Toothbrush Soft 3 pc,SSS-001494,,health_beauty,pack,,5,9,3,45.12
Sari-Sari Store,Sunsilk Conditioner Moisture 6 mL 6-pack,SSS-001495,,health_beauty,bundle,,12,6,2,15.00
Sari-Sari Store,Belo Body Lotion Sun Protect 100 mL 2-pack,SSS-001496,,health_beauty,bundle,,25,8,2,130.00
Sari-Sari Store,Silka Bath Soap Whitening 135 g 3-pack,SSS-001497,,health_beauty,bundle,,41,6,2,116.28
Sari-Sari Store,Sisters Sanitary Napkins Ultra Thin 16 pc,SSS-001498,,health_beauty,pack,,21,11,3,59.00
Sari-Sari Store,Irish Spring Bath Soap Moisturizing 150 mL 3-pack,SSS-001499,,health_beauty,bundle,,30,8,2,121.68
Sari-Sari Store,Milcu Deodorant Fresh 25 mL,SSS-001500,,health_beauty,roll-on,,58,9,3,25.00
Sari-Sari Store,Closeup Toothpaste Charcoal 50 g 3-pack,SSS-001501,,health_beauty,bundle,,0,12,4,80.64
Sari-Sari Store,Palmolive Conditioner Damage Repair 70 mL,SSS-001502,,health_beauty,bottle,,3,17,5,34.56
Sari-Sari Store,Rejoice Shampoo Silky Straight 6 mL 6-pack,SSS-001503,,health_beauty,bundle,,15,10,3,15.60
Sari-Sari Store,Dove Deodorant Invisible 150 mL 2-pack,SSS-001504,,health_beauty,bundle,,14,9,3,174.44
Sari-Sari Store,Irish Spring Bath Soap Fresh 90 g,SSS-001505,,health_beauty,bar,,17,14,4,28.08
Sari-Sari Store,Palmolive Conditioner Color Protect 6 mL,SSS-001506,,health_beauty,sachet,,30,9,3,2.40
Sari-Sari Store,Dove Deodorant Powder Dry 50 mL,SSS-001507,,health_beauty,roll-on,,57,8,2,47.04
Sari-Sari Store,Palmolive Bath Soap Whitening 135 g 3-pack,SSS-001508,,health_beauty,bundle,,50,16,5,111.72
Sari-Sari Store,Oral-B Toothbrush Soft 1 pc,SSS-001509,,health_beauty,piece,,36,10,3,17.64
Sari-Sari Store,Belo Body Lotion Sun Protect 100 mL,SSS-001510,,health_beauty,bottle,,23,8,2,65.00
Sari-Sari Store,Milcu Deodorant Powder Dry 25 mL 2-pack,SSS-001511,,health_beauty,bundle,,43,15,5,50.00
Sari-Sari Store,Pantene Shampoo Moisture 180 mL,SSS-001512,,health_beauty,bottle,,6,13,4,83.64
Sari-Sari Store,Pantene Shampoo Moisture 70 mL,SSS-001513,,health_beauty,bottle,,4,10,3,35.70
Sari-Sari Store,Irish Spring Bath Soap Original 135 g,SSS-001514,,health_beauty,bar,,27,13,4,39.52
Sari-Sari Store,Dove Deodorant Fresh 10 mL,SSS-001515,,health_beauty,sachet,,52,18,6,11.76
Sari-Sari Store,Palmolive Bath Soap Whitening 90 g 3-pack,SSS-001516,,health_beauty,bundle,,28,18,6,79.38
Sari-Sari Store,Dove Bath Soap Whitening 135 g,SSS-001517,,health_beauty,bar,,15,16,5,36.48
Sari-Sari Store,Closeup Toothpaste Herbal 50 g,SSS-001518,,health_beauty,tube,,12,9,3,26.88
Sari-Sari Store,Irish Spring Bath Soap Moisturizing 135 g,SSS-001519,,health_beauty,bar,,29,9,3,39.52
Sari-Sari Store,Vaseline Body Lotion Aloe 50 mL 2-pack,SSS-001520,,health_beauty,bundle,,60,15,5,67.20
Sari-Sari Store,Belo Body Lotion Moisture 200 mL,SSS-001521,,health_beauty,bottle,,21,12,4,118.00
Sari-Sari Store,Modess Sanitary Napkins Regular 24 pc,SSS-001522,,health_beauty,pack,,35,12,4,85.44
Sari-Sari Store,Nivea Body Lotion Whitening 50 mL,SSS-001523,,health_beauty,bottle,,4,14,4,32.90
Sari-Sari Store,Sunsilk Conditioner Silky Straight 70 mL,SSS-001524,,health_beauty,bottle,,19,9,3,36.00
Sari-Sari Store,Sensodyne Toothpaste Mint 150 g 3-pack,SSS-001525,,health_beauty,bundle,,42,11,3,237.00
Sari-Sari Store,Nivea Body Lotion Aloe 10 mL 2-pack,SSS-001526,,health_beauty,bundle,,60,13,4,15.04
Sari-Sari Store,Palmolive Conditioner Color Protect 180 mL 6-pack,SSS-001527,,health_beauty,bundle,,29,14,4,483.84
Sari-Sari Store,Pantene Shampoo Fresh 180 mL,SSS-001528,,health_beauty,bottle,,15,18,6,83.64
Sari-Sari Store,Hapee Toothbrush Kids 3 pc 2-pack,SSS-001529,,health_beauty,bundle,,52,12,4,96.00
Sari-Sari Store,Palmolive Bath Soap Fresh 60 g 3-pack,SSS-001530,,health_beauty,bundle,,55,18,6,52.92
Sari-Sari Store,Safeguard Bath Soap Original 150 mL,SSS-001531,,health_beauty,refill,,16,14,4,36.66
Sari-Sari Store,Vaseline Body Lotion Whitening 100 mL,SSS-001532,,health_beauty,bottle,,0,16,5,62.40
Sari-Sari Store,Silka Body Lotion Sun Protect 200 mL,SSS-001533,,health_beauty,bottle,,38,10,3,115.64
Sari-Sari Store,Colgate Toothbrush Medium 3 pc 2-pack,SSS-001534,,health_beauty,bundle,,30,11,3,90.24
Sari-Sari Store,Oral-B Toothbrush Medium 3 pc 2-pack,SSS-001535,,health_beauty,bundle,,24,16,5,94.08
Sari-Sari Store,Sensodyne Toothpaste Herbal 10 g,SSS-001536,,health_beauty,sachet,,11,16,5,5.00
Sari-Sari Store,Bioderm Bath Soap Antibacterial 135 g 3-pack,SSS-001537,,health_beauty,bundle,,45,8,2,114.00
Sari-Sari Store,Rejoice Shampoo Silky Straight 6 mL,SSS-001538,,health_beauty,sachet,,52,11,3,2.60
Sari-Sari Store,Silka Bath Soap Papaya 90 g 3-pack,SSS-001539,,health_beauty,bundle,,60,15,5,82.62
Sari-Sari Store,Pantene Shampoo Color Protect 6 mL 6-pack,SSS-001540,,health_beauty,bundle,,48,12,4,15.30
Sari-Sari Store,Kleenex Facial Tissue Soft Pack 200 sheets 3-pack,SSS-001541,,household,bundle,,55,16,5,276.36
Sari-Sari Store,Smart Dishwashing Liquid Original 10 mL,SSS-001542,,household,sachet,,27,14,4,4.90
Sari-Sari Store,Sanicare Facial Tissue Aloe 10 sheets,SSS-001543,,household,pack,,49,9,3,7.84
Sari-Sari Store,Duracell Batteries AAA Alkaline 2 pc 2-pack,SSS-001544,,household,bundle,,31,16,5,72.96
Sari-Sari Store,Axion Dishwashing Liquid Aloe 500 mL,SSS-001545,,household,bottle,,19,14,4,85.44
Sari-Sari Store,Downy Fabric Conditioner Passion 100 mL 6-pack,SSS-001546,,household,bundle,,32,14,4,163.56
Sari-Sari Store,Champion Laundry Detergent Original 50 g,SSS-001547,,household,sachet,,41,14,4,12.24
Sari-Sari Store,Kleenex Facial Tissue Unscented 100 sheets 3-pack,SSS-001548,,household,bundle,,6,7,2,146.64
Sari-Sari Store,Wow Facial Tissue Soft Pack 50 sheets,SSS-001549,,household,pack,,38,12,4,28.00
Sari-Sari Store,Smart Dishwashing Liquid Original 100 mL,SSS-001550,,household,pouch,,39,7,2,22.54
Sari-Sari Store,Tide Laundry Detergent Fresh 20 g,SSS-001551,,household,sachet,,1,17,5,4.80
Sari-Sari Store,Champion Laundry Detergent Fresh 20 g 6-pack,SSS-001552,,household,bundle,,58,9,3,30.60
Sari-Sari Store,Wow Facial Tissue Aloe 10 sheets,SSS-001553,,household,pack,,30,9,3,8.00
Sari-Sari Store,Calla Laundry Detergent Fresh 100 g 6-pack,SSS-001554,,household,bundle,,46,17,5,149.76
Sari-Sari Store,Surf Fabric Conditioner Fresh 100 mL,SSS-001555,,household,pouch,,18,18,6,27.84
Sari-Sari Store,Zonrox Bleach Lemon 250 mL 2-pack,SSS-001556,,household,bundle,,41,7,2,54.52
Sari-Sari Store,Duracell Batteries C 4 pc,SSS-001557,,household,pack,,15,6,2,69.12
Sari-Sari Store,Axion Dishwashing Liquid Original 250 mL,SSS-001558,,household,bottle,,39,12,4,46.08
Sari-Sari Store,Champion Fabric Conditioner Fresh 30 mL 6-pack,SSS-001559,,household,bundle,,51,16,5,72.00
Sari-Sari Store,Breeze Laundry Detergent Color Care 100 g 6-pack,SSS-001560,,household,bundle,,33,13,4,144.00
Sari-Sari Store,Mr. Clean Bleach Lavender 250 mL 2-pack,SSS-001561,,household,bundle,,24,10,3,56.84
Sari-Sari Store,Ariel Laundry Detergent Original 500 g 6-pack,SSS-001562,,household,bundle,,24,17,5,423.00
Sari-Sari Store,Breeze Laundry Detergent Fresh 50 g 6-pack,SSS-001563,,household,bundle,,35,13,4,72.00
Sari-Sari Store,Surf Fabric Conditioner Floral 10 mL 6-pack,SSS-001564,,household,bundle,,54,6,2,28.80
Sari-Sari Store,Breeze Laundry Detergent Lemon 500 g 6-pack,SSS-001565,,household,bundle,,20,15,5,450.00
Sari-Sari Store,Kleenex Facial Tissue Pocket Pack 10 sheets,SSS-001566,,household,pack,,39,8,2,7.52
Sari-Sari Store,Breeze Laundry Detergent Original 50 g,SSS-001567,,household,sachet,,7,10,3,12.00
Sari-Sari Store,Duracell Batteries AA Alkaline 4 pc 2-pack,SSS-001568,,household,bundle,,43,17,5,138.24
Sari-Sari Store,Joy Dishwashing Liquid Calamansi 250 mL,SSS-001569,,household,bottle,,34,14,4,45.12
Sari-Sari Store,Surf Fabric Conditioner Fresh 500 mL 6-pack,SSS-001570,,household,bundle,,57,10,3,529.92
Sari-Sari Store,Zonrox Bleach Color Safe 1 L 2-pack,SSS-001571,,household,bundle,,23,11,3,154.16
Sari-Sari Store,Handy Andy Trash Bags Small 50 pc 2-pack,SSS-001572,,household,bundle,,43,16,5,151.68
Sari-Sari Store,Smart Dishwashing Liquid Lemon 250 mL 3-pack,SSS-001573,,household,bundle,,22,15,5,141.12
Sari-Sari Store,Champion Fabric Conditioner Passion 30 mL 6-pack,SSS-001574,,household,bundle,,51,16,5,72.00
Sari-Sari Store,Energizer Batteries AA Alkaline 8 pc,SSS-001575,,household,pack,,35,15,5,126.90
Sari-Sari Store,Champion Fabric Conditioner Floral 30 mL 6-pack,SSS-001576,,household,bundle,,48,9,3,72.00
Sari-Sari Store,Duracell Batteries D 4 pc 2-pack,SSS-001577,,household,bundle,,15,9,3,138.24
Sari-Sari Store,Glad Trash Bags Small 30 pc 2-pack,SSS-001578,,household,bundle,,13,8,2,92.12
Sari-Sari Store,Calla Laundry Detergent Color Care 20 g,SSS-001579,,household,sachet,,50,10,3,5.20
Sari-Sari Store,Breeze Laundry Detergent Floral 50 g 6-pack,SSS-001580,,household,bundle,,52,8,2,72.00
Sari-Sari Store,Lemon Fresh Dishwashing Liquid Calamansi 100 mL,SSS-001581,,household,pouch,,44,13,4,23.00
Sari-Sari Store,Zonrox Bleach Regular 250 mL 2-pack,SSS-001582,,household,bundle,,53,9,3,54.52
Sari-Sari Store,Calla Laundry Detergent Floral 100 g 6-pack,SSS-001583,,household,bundle,,14,18,6,149.76
Sari-Sari Store,Surf Laundry Detergent Color Care 50 g 6-pack,SSS-001584,,household,bundle,,29,13,4,70.56
Sari-Sari Store,Mr. Clean Trash Bags Medium 30 pc 2-pack,SSS-001585,,household,bundle,,30,18,6,96.04
Sari-Sari Store,Axion Dishwashing Liquid Aloe 100 mL 3-pack,SSS-001586,,household,bundle,,22,8,2,66.24
Sari-Sari Store,Fascino Facial Tissue Unscented 100 sheets,SSS-001587,,household,pack,,51,16,5,49.92
Sari-Sari Store,Tide Laundry Detergent Fresh 100 g 6-pack,SSS-001588,,household,bundle,,30,9,3,138.24
Sari-Sari Store,Joy Dishwashing Liquid Lemon 250 mL 3-pack,SSS-001589,,household,bundle,,12,16,5,135.36
Sari-Sari Store,Tide Laundry Detergent Color Care 100 g,SSS-001590,,household,pouch,,51,16,5,23.04
Sari-Sari Store,Sanicare Facial Tissue Unscented 50 sheets,SSS-001591,,household,pack,,10,9,3,27.44
Sari-Sari Store,Fascino Facial Tissue Pocket Pack 200 sheets 3-pack,SSS-001592,,household,bundle,,44,9,3,282.24
Sari-Sari Store,Energizer Batteries AA Alkaline 8 pc 2-pack,SSS-001593,,household,bundle,,13,12,4,253.80
Sari-Sari Store,Mr. Clean Trash Bags Medium 50 pc 2-pack,SSS-001594,,household,bundle,,17,12,4,154.84
Sari-Sari Store,Sanicare Facial Tissue Unscented 50 sheets 3-pack,SSS-001595,,household,bundle,,46,8,2,82.32
Sari-Sari Store,Axion Dishwashing Liquid Original 10 mL 3-pack,SSS-001596,,household,bundle,,8,8,2,14.40
Sari-Sari Store,Zonrox Bleach Lavender 250 mL 2-pack,SSS-001597,,household,bundle,,24,6,2,54.52
Sari-Sari Store,Sanicare Facial Tissue Soft Pack 50 sheets,SSS-001598,,household,pack,,33,17,5,27.44
Sari-Sari Store,Surf Fabric Conditioner Sunrise 100 mL 6-pack,SSS-001599,,household,bundle,,28,17,5,167.04
Sari-Sari Store,Sanicare Facial Tissue Unscented 10 sheets 3-pack,SSS-001600,,household,bundle,,48,16,5,23.52
Sari-Sari Store,Surf Fabric Conditioner Passion 10 mL,SSS-001601,,household,sachet,,20,9,3,4.80
Sari-Sari Store,Duracell Batteries AAA Alkaline 2 pc,SSS-001602,,household,pack,,38,11,3,36.48
Sari-Sari Store,Downy Fabric Conditioner Sunrise 30 mL 6-pack,SSS-001603,,household,bundle,,33,12,4,67.68
Sari-Sari Store,Handy Andy Trash Bags Large 30 pc 2-pack,SSS-001604,,household,bundle,,34,8,2,94.08
Sari-Sari Store,Surf Laundry Detergent Fresh 100 g,SSS-001605,,household,pouch,,48,14,4,23.52
Sari-Sari Store,Glad Trash Bags Small 30 pc,SSS-001606,,household,roll,,49,16,5,46.06
Sari-Sari Store,Surf Fabric Conditioner Fresh 10 mL,SSS-001607,,household,sachet,,37,7,2,4.80
Sari-Sari Store,Tide Laundry Detergent Floral 100 g,SSS-001608,,household,pouch,,50,7,2,23.04
Sari-Sari Store,Joy Dishwashing Liquid Lemon 10 mL 3-pack,SSS-001609,,household,bundle,,4,10,3,14.10
Sari-Sari Store,Wow Facial Tissue Unscented 10 sheets 3-pack,SSS-001610,,household,bundle,,42,15,5,24.00
Sari-Sari Store,Smart Dishwashing Liquid Antibacterial 500 mL 3-pack,SSS-001611,,household,bundle,,46,7,2,261.66
Sari-Sari Store,Panasonic Batteries C 2 pc 2-pack,SSS-001612,,household,bundle,,4,7,2,74.48
Sari-Sari Store,Wow Facial Tissue Pocket Pack 50 sheets,SSS-001613,,household,pack,,15,16,5,28.00
Sari-Sari Store,Smart Dishwashing Liquid Aloe 100 mL 3-pack,SSS-001614,,household,bundle,,16,11,3,67.62
Sari-Sari Store,Panasonic Batteries AA Alkaline 2 pc 2-pack,SSS-001615,,household,bundle,,9,18,6,74.48
Sari-Sari Store,Energizer Batteries AA Alkaline 2 pc 2-pack,SSS-001616,,household,bundle,,24,14,4,71.44
Sari-Sari Store,Zonrox Bleach Color Safe 100 mL 2-pack,SSS-001617,,household,bundle,,14,10,3,28.20
Sari-Sari Store,Fascino Facial Tissue Pocket Pack 100 sheets,SSS-001618,,household,pack,,45,18,6,49.92
Sari-Sari Store,Breeze Fabric Conditioner Floral 30 mL,SSS-001619,,household,sachet,,26,17,5,11.76
Sari-Sari Store,Axion Dishwashing Liquid Calamansi 10 mL,SSS-001620,,household,sachet,,35,15,5,4.80
Sari-Sari Store,Energizer Batteries AA Alkaline 4 pc 2-pack,SSS-001621,,household,bundle,,27,17,5,135.36
Sari-Sari Store,Downy Fabric Conditioner Sunrise 500 mL 6-pack,SSS-001622,,household,bundle,,38,15,5,518.88
Sari-Sari Store,Axion Dishwashing Liquid Original 500 mL 3-pack,SSS-001623,,household,bundle,,20,14,4,256.32
Sari-Sari Store,Breeze Fabric Conditioner Passion 30 mL 6-pack,SSS-001624,,household,bundle,,20,16,5,70.56
Sari-Sari Store,Breeze Laundry Detergent Lemon 100 g 6-pack,SSS-001625,,household,bundle,,37,12,4,144.00
Sari-Sari Store,Lemon Fresh Dishwashing Liquid Original 100 mL,SSS-001626,,household,pouch,,58,7,2,23.00
Sari-Sari Store,Breeze Laundry Detergent Original 500 g 6-pack,SSS-001627,,household,bundle,,39,16,5,450.00
Sari-Sari Store,Breeze Laundry Detergent Fresh 500 g,SSS-001628,,household,pouch,,36,11,3,75.00
Sari-Sari Store,Zonrox Bleach Lavender 500 mL,SSS-001629,,household,bottle,,22,16,5,45.12
Sari-Sari Store,Fascino Facial Tissue Unscented 50 sheets 3-pack,SSS-001630,,household,bundle,,5,18,6,80.64
Sari-Sari Store,Axion Dishwashing Liquid Lemon 100 mL,SSS-001631,,household,pouch,,40,6,2,22.08
Sari-Sari Store,Ariel Laundry Detergent Fresh 500 g 6-pack,SSS-001632,,household,bundle,,38,16,5,423.00
Sari-Sari Store,Breeze Fabric Conditioner Passion 30 mL,SSS-001633,,household,sachet,,26,15,5,11.76
Sari-Sari Store,Surf Laundry Detergent Floral 100 g,SSS-001634,,household,pouch,,37,18,6,23.52
Sari-Sari Store,Breeze Laundry Detergent Fresh 20 g 6-pack,SSS-001635,,household,bundle,,37,17,5,30.00
Sari-Sari Store,Energizer Batteries AAA Alkaline 4 pc 2-pack,SSS-001636,,household,bundle,,15,11,3,135.36
Sari-Sari Store,Calla Laundry Detergent Original 50 g 6-pack,SSS-001637,,household,bundle,,59,12,4,74.88
Sari-Sari Store,Glad Trash Bags Large 10 pc 2-pack,SSS-001638,,household,bundle,,53,11,3,37.60
Sari-Sari Store,Fascino Facial Tissue Pocket Pack 100 sheets 3-pack,SSS-001639,,household,bundle,,28,10,3,149.76
Sari-Sari Store,Calla Laundry Detergent Original 100 g,SSS-001640,,household,pouch,,27,16,5,24.96
Sari-Sari Store,Lemon Fresh Dishwashing Liquid Calamansi 250 mL 3-pack,SSS-001641,,household,bundle,,4,9,3,144.00
Sari-Sari Store,Breeze Laundry Detergent Color Care 100 g,SSS-001642,,household,pouch,,20,11,3,24.00
Sari-Sari Store,Surf Laundry Detergent Original 100 g 6-pack,SSS-001643,,household,bundle,,10,14,4,141.12
Sari-Sari Store,Breeze Laundry Detergent Lemon 50 g,SSS-001644,,household,sachet,,40,10,3,12.00
Sari-Sari Store,Champion Laundry Detergent Fresh 500 g 6-pack,SSS-001645,,household,bundle,,33,18,6,459.00
Sari-Sari Store,Smart Dishwashing Liquid Calamansi 10 mL 3-pack,SSS-001646,,household,bundle,,23,12,4,14.70
Sari-Sari Store,Tide Laundry Detergent Lemon 500 g,SSS-001647,,household,pouch,,36,7,2,72.00
Sari-Sari Store,Zonrox Bleach Color Safe 100 mL,SSS-001648,,household,bottle,,56,6,2,14.10
Sari-Sari Store,Lemon Fresh Dishwashing Liquid Original 250 mL 3-pack,SSS-001649,,household,bundle,,5,17,5,144.00
Sari-Sari Store,Calla Laundry Detergent Fresh 500 g,SSS-001650,,household,pouch,,3,7,2,78.00
Sari-Sari Store,Joy Dishwashing Liquid Original 500 mL,SSS-001651,,household,bottle,,39,17,5,83.66
Sari-Sari Store,Breeze Laundry Detergent Lemon 50 g 6-pack,SSS-001652,,household,bundle,,20,8,2,72.00
Sari-Sari Store,Wow Facial Tissue Soft Pack 100 sheets,SSS-001653,,household,pack,,24,12,4,52.00
Sari-Sari Store,Sanicare Facial Tissue Pocket Pack 200 sheets,SSS-001654,,household,box,,47,10,3,96.04
Sari-Sari Store,Breeze Fabric Conditioner Passion 10 mL 6-pack,SSS-001655,,household,bundle,,15,11,3,29.40
Sari-Sari Store,Lemon Fresh Dishwashing Liquid Antibacterial 10 mL 3-pack,SSS-001656,,household,bundle,,32,15,5,15.00
Sari-Sari Store,Smart Dishwashing Liquid Calamansi 100 mL 3-pack,SSS-001657,,household,bundle,,50,9,3,67.62
Sari-Sari Store,Tide Laundry Detergent Original 50 g,SSS-001658,,household,sachet,,57,7,2,11.52
Sari-Sari Store,Zonrox Bleach Regular 1 L 2-pack,SSS-001659,,household,bundle,,11,17,5,154.16
Sari-Sari Store,Mr. Clean Bleach Lemon 100 mL 2-pack,SSS-001660,,household,bundle,,48,18,6,29.40
Sari-Sari Store,Fascino Facial Tissue Soft Pack 200 sheets 3-pack,SSS-001661,,household,bundle,,34,9,3,282.24
Sari-Sari Store,Fascino Facial Tissue Aloe 100 sheets 3-pack,SSS-001662,,household,bundle,,23,14,4,149.76
Sari-Sari Store,Downy Fabric Conditioner Sunrise 500 mL,SSS-001663,,household,bottle,,52,15,5,86.48
Sari-Sari Store,Glad Trash Bags Small 20 pc,SSS-001664,,household,roll,,55,9,3,32.90
Sari-Sari Store,Kleenex Facial Tissue Unscented 50 sheets,SSS-001665,,household,pack,,16,17,5,26.32
Sari-Sari Store,Champion Fabric Conditioner Passion 30 mL,SSS-001666,,household,sachet,,50,8,2,12.00
Sari-Sari Store,Lemon Fresh Dishwashing Liquid Antibacterial 100 mL 3-pack,SSS-001667,,household,bundle,,10,12,4,69.00
Sari-Sari Store,Glad Trash Bags Small 10 pc 2-pack,SSS-001668,,household,bundle,,11,9,3,37.60
Sari-Sari Store,Breeze Laundry Detergent Lemon 20 g,SSS-001669,,household,sachet,,58,6,2,5.00
Sari-Sari Store,Duracell Batteries C 4 pc 2-pack,SSS-001670,,household,bundle,,31,14,4,138.24
Sari-Sari Store,Joy Dishwashing Liquid Aloe 10 mL 3-pack,SSS-001671,,household,bundle,,16,7,2,14.10
Sari-Sari Store,Sanicare Facial Tissue Unscented 100 sheets 3-pack,SSS-001672,,household,bundle,,13,12,4,152.88
Sari-Sari Store,Zonrox Bleach Lemon 1 L 2-pack,SSS-001673,,household,bundle,,30,17,5,154.16
Sari-Sari Store,Lemon Fresh Dishwashing Liquid Aloe 250 mL 3-pack,SSS-001674,,household,bundle,,45,10,3,144.00
Sari-Sari Store,Breeze Fabric Conditioner Fresh 10 mL,SSS-001675,,household,sachet,,55,15,5,4.90
Sari-Sari Store,Champion Laundry Detergent Original 20 g,SSS-001676,,household,sachet,,48,13,4,5.10
Sari-Sari Store,Kleenex Facial Tissue Aloe 50 sheets 3-pack,SSS-001677,,household,bundle,,16,12,4,78.96
Sari-Sari Store,Smart Dishwashing Liquid Calamansi 100 mL,SSS-001678,,household,pouch,,9,11,3,22.54
Sari-Sari Store,Ariel Laundry Detergent Original 100 g,SSS-001679,,household,pouch,,13,6,2,22.56
Sari-Sari Store,Mr. Clean Bleach Lemon 100 mL,SSS-001680,,household,bottle,,38,7,2,14.70
Sari-Sari Store,Kleenex Facial Tissue Unscented 10 sheets,SSS-001681,,household,pack,,53,6,2,7.52
Sari-Sari Store,Mr. Clean Bleach Regular 250 mL,SSS-001682,,household,bottle,,20,7,2,28.42
Sari-Sari Store,Wow Facial Tissue Unscented 10 sheets,SSS-001683,,household,pack,,37,14,4,8.00
Sari-Sari Store,Fascino Facial Tissue Unscented 50 sheets,SSS-001684,,household,pack,,55,7,2,26.88
Sari-Sari Store,Calla Laundry Detergent Original 20 g 6-pack,SSS-001685,,household,bundle,,19,6,2,31.20
Sari-Sari Store,Champion Laundry Detergent Floral 500 g,SSS-001686,,household,pouch,,38,9,3,76.50
Sari-Sari Store,Fascino Facial Tissue Soft Pack 10 sheets 3-pack,SSS-001687,,household,bundle,,4,7,2,23.04
Sari-Sari Store,Wow Facial Tissue Aloe 100 sheets 3-pack,SSS-001688,,household,bundle,,21,17,5,156.00
Sari-Sari Store,Energizer Batteries C 2 pc 2-pack,SSS-001689,,household,bundle,,1,16,5,71.44
Sari-Sari Store,Tide Laundry Detergent Color Care 50 g,SSS-001690,,household,sachet,,47,13,4,11.52
Sari-Sari Store,Kleenex Facial Tissue Unscented 10 sheets 3-pack,SSS-001691,,household,bundle,,15,12,4,22.56
Sari-Sari Store,Champion Laundry Detergent Color Care 100 g 6-pack,SSS-001692,,household,bundle,,40,10,3,146.88
Sari-Sari Store,Kleenex Facial Tissue Aloe 200 sheets 3-pack,SSS-001693,,household,bundle,,40,16,5,276.36
Sari-Sari Store,Panasonic Batteries AA Alkaline 4 pc,SSS-001694,,household,pack,,38,16,5,70.56
Sari-Sari Store,Zonrox Bleach Lemon 100 mL 2-pack,SSS-001695,,household,bundle,,42,7,2,28.20
Sari-Sari Store,Tide Laundry Detergent Lemon 20 g 6-pack,SSS-001696,,household,bundle,,3,12,4,28.80
Sari-Sari Store,Clorox Bleach Color Safe 100 mL 2-pack,SSS-001697,,household,bundle,,29,14,4,28.80
Sari-Sari Store,Fascino Facial Tissue Aloe 50 sheets 3-pack,SSS-001698,,household,bundle,,60,8,2,80.64
Sari-Sari Store,Downy Fabric Conditioner Fresh 10 mL,SSS-001699,,household,sachet,,24,11,3,4.70
Sari-Sari Store,Champion Laundry Detergent Lemon 50 g 6-pack,SSS-001700,,household,bundle,,27,16,5,73.44
Sari-Sari Store,Energizer Batteries C 2 pc,SSS-001701,,household,pack,,34,13,4,35.72
Sari-Sari Store,Lemon Fresh Dishwashing Liquid Lemon 500 mL 3-pack,SSS-001702,,household,bundle,,13,6,2,267.00
Sari-Sari Store,Ariel Laundry Detergent Lemon 50 g,SSS-001703,,household,sachet,,1,10,3,11.28
Sari-Sari Store,Axion Dishwashing Liquid Lemon 250 mL 3-pack,SSS-001704,,household,bundle,,1,15,5,138.24
Sari-Sari Store,Panasonic Batteries D 2 pc 2-pack,SSS-001705,,household,bundle,,8,13,4,74.48
Sari-Sari Store,Axion Dishwashing Liquid Antibacterial 10 mL 3-pack,SSS-001706,,household,bundle,,59,17,5,14.40
Sari-Sari Store,Joy Dishwashing Liquid Aloe 250 mL 3-pack,SSS-001707,,household,bundle,,59,10,3,135.36
Sari-Sari Store,Surf Fabric Conditioner Sunrise 10 mL,SSS-001708,,household,sachet,,3,6,2,4.80
Sari-Sari Store,Mr. Clean Bleach Lavender 1 L 2-pack,SSS-001709,,household,bundle,,4,7,2,160.72
Sari-Sari Store,Surf Laundry Detergent Lemon 100 g 6-pack,SSS-001710,,household,bundle,,21,11,3,141.12
Sari-Sari Store,Smart Dishwashing Liquid Aloe 250 mL,SSS-001711,,household,bottle,,55,9,3,47.04
Sari-Sari Store,Breeze Fabric Conditioner Floral 500 mL,SSS-001712,,household,bottle,,53,15,5,90.16
Sari-Sari Store,Axion Dishwashing Liquid Original 100 mL 3-pack,SSS-001713,,household,bundle,,16,18,6,66.24
Sari-Sari Store,Champion Laundry Detergent Floral 100 g 6-pack,SSS-001714,,household,bundle,,36,8,2,146.88
Sari-Sari Store,Fascino Facial Tissue Pocket Pack 10 sheets,SSS-001715,,household,pack,,49,6,2,7.68
Sari-Sari Store,Glad Trash Bags Medium 30 pc 2-pack,SSS-001716,,household,bundle,,13,9,3,92.12
Sari-Sari Store,Wow Facial Tissue Pocket Pack 10 sheets 3-pack,SSS-001717,,household,bundle,,19,9,3,24.00
Sari-Sari Store,Energizer Batteries AAA Alkaline 2 pc,SSS-001718,,household,pack,,50,18,6,35.72
Sari-Sari Store,Smart Dishwashing Liquid Lemon 500 mL,SSS-001719,,household,bottle,,43,15,5,87.22
Sari-Sari Store,Downy Fabric Conditioner Floral 30 mL,SSS-001720,,household,sachet,,34,15,5,11.28
Sari-Sari Store,Downy Fabric Conditioner Floral 100 mL 6-pack,SSS-001721,,household,bundle,,30,8,2,163.56
Sari-Sari Store,Breeze Laundry Detergent Floral 50 g,SSS-001722,,household,sachet,,47,8,2,12.00
Sari-Sari Store,Handy Andy Trash Bags Small 10 pc 2-pack,SSS-001723,,household,bundle,,18,15,5,38.40
Sari-Sari Store,Calla Laundry Detergent Color Care 100 g 6-pack,SSS-001724,,household,bundle,,44,12,4,149.76
Sari-Sari Store,Glad Trash Bags Large 30 pc,SSS-001725,,household,roll,,49,18,6,46.06
Sari-Sari Store,Fascino Facial Tissue Unscented 200 sheets,SSS-001726,,household,box,,50,7,2,94.08
Sari-Sari Store,Smart Dishwashing Liquid Antibacterial 500 mL,SSS-001727,,household,bottle,,12,15,5,87.22
Sari-Sari Store,Ariel Laundry Detergent Fresh 50 g 6-pack,SSS-001728,,household,bundle,,33,12,4,67.68
Sari-Sari Store,Kleenex Facial Tissue Soft Pack 10 sheets 3-pack,SSS-001729,,household,bundle,,33,17,5,22.56
Sari-Sari Store,Champion Fabric Conditioner Sunrise 30 mL 6-pack,SSS-001730,,household,bundle,,2,16,5,72.00
Sari-Sari Store,Smart Dishwashing Liquid Antibacterial 100 mL 3-pack,SSS-001731,,household,bundle,,47,6,2,67.62
Sari-Sari Store,Downy Fabric Conditioner Sunrise 10 mL 6-pack,SSS-001732,,household,bundle,,39,6,2,28.20
Sari-Sari Store,Tide Laundry Detergent Floral 20 g,SSS-001733,,household,sachet,,41,7,2,4.80
Sari-Sari Store,Mr. Clean Bleach Color Safe 100 mL,SSS-001734,,household,bottle,,3,7,2,14.70
Sari-Sari Store,Sanicare Facial Tissue Soft Pack 10 sheets 3-pack,SSS-001735,,household,bundle,,18,9,3,23.52
Sari-Sari Store,Sanicare Facial Tissue Unscented 10 sheets,SSS-001736,,household,pack,,28,11,3,7.84
Sari-Sari Store,Zonrox Bleach Regular 100 mL 2-pack,SSS-001737,,household,bundle,,7,16,5,28.20
Sari-Sari Store,Breeze Fabric Conditioner Sunrise 30 mL,SSS-001738,,household,sachet,,42,13,4,11.76
Sari-Sari Store,Surf Laundry Detergent Original 20 g,SSS-001739,,household,sachet,,33,10,3,4.90
Sari-Sari Store,Champion Laundry Detergent Color Care 50 g 6-pack,SSS-001740,,household,bundle,,3,14,4,73.44
Sari-Sari Store,Clorox Bleach Regular 250 mL,SSS-001741,,household,bottle,,39,13,4,27.84
Sari-Sari Store,Panasonic Batteries AAA Alkaline 4 pc,SSS-001742,,household,pack,,6,6,2,70.56
Sari-Sari Store,Breeze Laundry Detergent Fresh 50 g,SSS-001743,,household,sachet,,8,7,2,12.00
Sari-Sari Store,Lemon Fresh Dishwashing Liquid Lemon 10 mL,SSS-001744,,household,sachet,,45,8,2,5.00
Sari-Sari Store,Sanicare Facial Tissue Soft Pack 50 sheets 3-pack,SSS-001745,,household,bundle,,11,9,3,82.32
Sari-Sari Store,Surf Laundry Detergent Floral 50 g 6-pack,SSS-001746,,household,bundle,,25,12,4,70.56
Sari-Sari Store,Breeze Laundry Detergent Original 50 g 6-pack,SSS-001747,,household,bundle,,19,17,5,72.00
Sari-Sari Store,Duracell Batteries AA Alkaline 8 pc,SSS-001748,,household,pack,,57,10,3,129.60
Sari-Sari Store,Tide Laundry Detergent Original 50 g 6-pack,SSS-001749,,household,bundle,,5,7,2,69.12
Sari-Sari Store,Fascino Facial Tissue Soft Pack 100 sheets,SSS-001750,,household,pack,,26,6,2,49.92
Sari-Sari Store,Kleenex Facial Tissue Aloe 200 sheets,SSS-001751,,household,box,,49,6,2,92.12
Sari-Sari Store,Tide Laundry Detergent Floral 500 g 6-pack,SSS-001752,,household,bundle,,44,12,4,432.00
Sari-Sari Store,Calla Laundry Detergent Fresh 20 g 6-pack,SSS-001753,,household,bundle,,44,13,4,31.20
Sari-Sari Store,Surf Laundry Detergent Lemon 20 g,SSS-001754,,household,sachet,,38,9,3,4.90
Sari-Sari Store,Mr. Clean Trash Bags Medium 10 pc 2-pack,SSS-001755,,household,bundle,,10,8,2,39.20
Sari-Sari Store,Smart Dishwashing Liquid Original 250 mL,SSS-001756,,household,bottle,,6,16,5,47.04
Sari-Sari Store,Joy Dishwashing Liquid Calamansi 250 mL 3-pack,SSS-001757,,household,bundle,,15,13,4,135.36
Sari-Sari Store,Champion Fabric Conditioner Passion 100 mL 6-pack,SSS-001758,,household,bundle,,9,17,5,174.00
Sari-Sari Store,Surf Laundry Detergent Lemon 100 g,SSS-001759,,household,pouch,,44,9,3,23.52
Sari-Sari Store,Champion Fabric Conditioner Sunrise 10 mL,SSS-001760,,household,sachet,,16,9,3,5.00
Sari-Sari Store,Breeze Fabric Conditioner Sunrise 100 mL 6-pack,SSS-001761,,household,bundle,,13,16,5,170.52
Sari-Sari Store,Surf Laundry Detergent Floral 50 g,SSS-001762,,household,sachet,,17,14,4,11.76
Sari-Sari Store,Axion Dishwashing Liquid Original 10 mL,SSS-001763,,household,sachet,,38,15,5,4.80
Sari-Sari Store,Handy Andy Trash Bags Medium 10 pc,SSS-001764,,household,roll,,27,12,4,19.20
Sari-Sari Store,Breeze Fabric Conditioner Fresh 500 mL 6-pack,SSS-001765,,household,bundle,,9,8,2,540.96
Sari-Sari Store,Ariel Laundry Detergent Fresh 20 g,SSS-001766,,household,sachet,,40,11,3,4.70
Sari-Sari Store,Joy Dishwashing Liquid Original 100 mL,SSS-001767,,household,pouch,,31,15,5,21.62
Sari-Sari Store,Joy Dishwashing Liquid Antibacterial 250 mL 3-pack,SSS-001768,,household,bundle,,11,18,6,135.36
Sari-Sari Store,Ariel Laundry Detergent Color Care 100 g,SSS-001769,,household,pouch,,50,15,5,22.56
Sari-Sari Store,Axion Dishwashing Liquid Lemon 250 mL,SSS-001770,,household,bottle,,39,13,4,46.08
Sari-Sari Store,Smart Dishwashing Liquid Lemon 10 mL,SSS-001771,,household,sachet,,18,7,2,4.90
Sari-Sari Store,Champion Laundry Detergent Color Care 50 g,SSS-001772,,household,sachet,,3,14,4,12.24
Sari-Sari Store,Duracell Batteries C 2 pc 2-pack,SSS-001773,,household,bundle,,46,18,6,72.96
Sari-Sari Store,Wow Facial Tissue Pocket Pack 100 sheets 3-pack,SSS-001774,,household,bundle,,35,17,5,156.00
Sari-Sari Store,Surf Fabric Conditioner Sunrise 500 mL 6-pack,SSS-001775,,household,bundle,,46,16,5,529.92
Sari-Sari Store,Calla Laundry Detergent Original 500 g,SSS-001776,,household,pouch,,7,9,3,78.00
Sari-Sari Store,Sanicare Facial Tissue Pocket Pack 200 sheets 3-pack,SSS-001777,,household,bundle,,36,10,3,288.12
Sari-Sari Store,Sanicare Facial Tissue Aloe 10 sheets 3-pack,SSS-001778,,household,bundle,,46,8,2,23.52
Sari-Sari Store,Ariel Laundry Detergent Floral 20 g 6-pack,SSS-001779,,household,bundle,,35,9,3,28.20
Sari-Sari Store,Zonrox Bleach Lavender 500 mL 2-pack,SSS-001780,,household,bundle,,24,14,4,90.24
Sari-Sari Store,Mr. Clean Trash Bags Large 10 pc,SSS-001781,,household,roll,,4,9,3,19.60
Sari-Sari Store,Ariel Laundry Detergent Floral 50 g 6-pack,SSS-001782,,household,bundle,,22,11,3,67.68
Sari-Sari Store,Tide Laundry Detergent Lemon 20 g,SSS-001783,,household,sachet,,30,9,3,4.80
Sari-Sari Store,Duracell Batteries D 8 pc 2-pack,SSS-001784,,household,bundle,,45,11,3,259.20
Sari-Sari Store,Kleenex Facial Tissue Pocket Pack 50 sheets,SSS-001785,,household,pack,,0,12,4,26.32
Sari-Sari Store,Calla Laundry Detergent Lemon 500 g 6-pack,SSS-001786,,household,bundle,,30,17,5,468.00
Sari-Sari Store,Mr. Clean Trash Bags Small 50 pc 2-pack,SSS-001787,,household,bundle,,34,16,5,154.84
Sari-Sari Store,Energizer Batteries D 8 pc,SSS-001788,,household,pack,,32,14,4,126.90
Sari-Sari Store,Zonrox Bleach Regular 1 L,SSS-001789,,household,bottle,,17,14,4,77.08
Sari-Sari Store,Surf Fabric Conditioner Sunrise 30 mL 6-pack,SSS-001790,,household,bundle,,46,10,3,69.12
Sari-Sari Store,Handy Andy Trash Bags Small 50 pc,SSS-001791,,household,roll,,49,7,2,75.84
Sari-Sari Store,Tide Laundry Detergent Fresh 100 g,SSS-001792,,household,pouch,,47,13,4,23.04
Sari-Sari Store,Surf Laundry Detergent Lemon 500 g,SSS-001793,,household,pouch,,44,13,4,73.50
Sari-Sari Store,Kleenex Facial Tissue Soft Pack 200 sheets,SSS-001794,,household,box,,48,7,2,92.12
Sari-Sari Store,Calla Laundry Detergent Floral 100 g,SSS-001795,,household,pouch,,21,18,6,24.96
Sari-Sari Store,Surf Fabric Conditioner Passion 100 mL 6-pack,SSS-001796,,household,bundle,,36,15,5,167.04
Sari-Sari Store,Surf Fabric Conditioner Passion 30 mL,SSS-001797,,household,sachet,,18,18,6,11.52
Sari-Sari Store,Surf Laundry Detergent Fresh 500 g,SSS-001798,,household,pouch,,11,16,5,73.50
Sari-Sari Store,Lemon Fresh Dishwashing Liquid Original 250 mL,SSS-001799,,household,bottle,,46,18,6,48.00
Sari-Sari Store,Tide Laundry Detergent Floral 500 g,SSS-001800,,household,pouch,,41,8,2,72.00
Sari-Sari Store,Top Breed Dog Food Adult 400 g,SSS-001801,,other,bag,,54,10,3,84.48
Sari-Sari Store,Pilot Ballpoint Pen Black Ink 1 pc 2-pack,SSS-001802,,other,bundle,,36,13,4,18.80
Sari-Sari Store,Aozi Dog Food Chicken 85 g 3-pack,SSS-001803,,other,bundle,,19,14,4,66.00
Sari-Sari Store,Pioneer Matches Wooden 5 box,SSS-001804,,other,bundle,,15,12,4,20.68
Sari-Sari Store,Matador Notebook Plain 200 leaves,SSS-001805,,other,piece,,55,12,4,86.70
Sari-Sari Store,SafeLite Matches Long Safety 10 box,SSS-001806,,other,bundle,,2,15,5,40.00
Sari-Sari Store,SafeLite Matches Long Safety 10 box 2-pack,SSS-001807,,other,bundle,,47,14,4,80.00
Sari-Sari Store,Hope Candle White 3 pc 2-pack,SSS-001808,,other,bundle,,9,16,5,40.32
Sari-Sari Store,HBW Ballpoint Pen Black Ink 3 pc 2-pack,SSS-001809,,other,bundle,,46,13,4,54.88
Sari-Sari Store,Local Brand Candle Emergency 1 pc 2-pack,SSS-001810,,other,bundle,,16,15,5,15.04
Sari-Sari Store,PaperOne Notebook Ruled 200 leaves 3-pack,SSS-001811,,other,bundle,,38,10,3,249.90
Sari-Sari Store,Goodest Dog Food Beef 85 g 3-pack,SSS-001812,,other,bundle,,37,18,6,68.64
Sari-Sari Store,Vitality Dog Food Small Breed 1 kg 3-pack,SSS-001813,,other,bundle,,45,7,2,558.60
Sari-Sari Store,PaperOne Notebook Plain 200 leaves 3-pack,SSS-001814,,other,bundle,,19,15,5,249.90
Sari-Sari Store,Bow Wow Dog Food Small Breed 1 kg 3-pack,SSS-001815,,other,bundle,,37,11,3,581.40
Sari-Sari Store,Special Cat Cat Food Kitten 85 g 3-pack,SSS-001816,,other,bundle,,0,16,5,70.56
Sari-Sari Store,Republic Matches Wooden 5 box,SSS-001817,,other,bundle,,15,13,4,21.12
Sari-Sari Store,Whiskas Cat Food Salmon 85 g 3-pack,SSS-001818,,other,bundle,,57,12,4,67.68
Sari-Sari Store,Goodest Cat Food Chicken 85 g,SSS-001819,,other,pouch,,22,9,3,24.96
Sari-Sari Store,Top Breed Dog Food Lamb 85 g,SSS-001820,,other,pouch,,3,8,2,21.12
Sari-Sari Store,Pedigree Dog Food Lamb 400 g,SSS-001821,,other,bag,,30,7,2,82.72
Sari-Sari Store,Pilot Ballpoint Pen Fine Point 1 pc 2-pack,SSS-001822,,other,bundle,,41,7,2,18.80
Sari-Sari Store,Powercat Cat Food Tuna 1 kg 3-pack,SSS-001823,,other,bundle,,9,11,3,684.00
Sari-Sari Store,Faber-Castell Ballpoint Pen Fine Point 1 pc 2-pack,SSS-001824,,other,bundle,,16,18,6,20.40
Sari-Sari Store,PaperOne Notebook Ruled 40 leaves,SSS-001825,,other,piece,,2,15,5,17.64
Sari-Sari Store,Goodest Cat Food Salmon 85 g,SSS-001826,,other,pouch,,25,17,5,24.96
Sari-Sari Store,Goodest Dog Food Beef 85 g,SSS-001827,,other,pouch,,57,14,4,22.88
Sari-Sari Store,Aozi Dog Food Chicken 85 g,SSS-001828,,other,pouch,,43,17,5,22.00
Sari-Sari Store,Pedigree Dog Food Lamb 1 kg,SSS-001829,,other,bag,,57,14,4,178.60
Sari-Sari Store,Goodest Cat Food Tuna 400 g 3-pack,SSS-001830,,other,bundle,,54,12,4,305.76
Sari-Sari Store,Whiskas Cat Food Seafood 85 g,SSS-001831,,other,pouch,,34,10,3,22.56
Sari-Sari Store,Pilot Ballpoint Pen Red Ink 1 pc,SSS-001832,,other,piece,,39,10,3,9.40
Sari-Sari Store,Goodest Dog Food Adult 1 kg 3-pack,SSS-001833,,other,bundle,,0,16,5,592.80
Sari-Sari Store,Mongol Ballpoint Pen Red Ink 3 pc 2-pack,SSS-001834,,other,bundle,,15,10,3,56.00
Sari-Sari Store,Me-O Cat Food Tuna 1 kg 3-pack,SSS-001835,,other,bundle,,7,16,5,656.64
Sari-Sari Store,Special Cat Cat Food Adult 1 kg 3-pack,SSS-001836,,other,bundle,,57,12,4,670.32
Sari-Sari Store,Bow Wow Dog Food Chicken 3 kg 3-pack,SSS-001837,,other,bundle,,9,17,5,1591.20
Sari-Sari Store,Top Breed Dog Food Beef 400 g 3-pack,SSS-001838,,other,bundle,,15,8,2,253.44
Sari-Sari Store,Bright Star Candle Emergency 1 pc,SSS-001839,,other,piece,,33,14,4,7.84
Sari-Sari Store,Pilot Ballpoint Pen Black Ink 3 pc,SSS-001840,,other,pack,,0,12,4,26.32
Sari-Sari Store,Top Breed Dog Food Adult 1 kg,SSS-001841,,other,bag,,56,6,2,182.40
Sari-Sari Store,Best Buy Notebook Composition 40 leaves 3-pack,SSS-001842,,other,bundle,,58,9,3,54.00
Sari-Sari Store,SafeLite Matches Long Safety 1 box,SSS-001843,,other,box,,56,6,2,5.00
Sari-Sari Store,PaperOne Notebook Ruled 40 leaves 3-pack,SSS-001844,,other,bundle,,13,13,4,52.92
Sari-Sari Store,Whiskas Cat Food Seafood 3 kg,SSS-001845,,other,bag,,52,17,5,582.80
Sari-Sari Store,Vitality Dog Food Adult 1 kg 3-pack,SSS-001846,,other,bundle,,8,10,3,558.60
Sari-Sari Store,Bow Wow Dog Food Small Breed 3 kg,SSS-001847,,other,bag,,51,13,4,530.40
Sari-Sari Store,Special Cat Cat Food Salmon 1 kg 3-pack,SSS-001848,,other,bundle,,18,17,5,670.32
Sari-Sari Store,Pilot Ballpoint Pen Blue Ink 10 pc 2-pack,SSS-001849,,other,bundle,,55,14,4,159.80
Sari-Sari Store,SafeLite Matches Long Safety 5 box 2-pack,SSS-001850,,other,bundle,,3,14,4,44.00
Sari-Sari Store,Powercat Cat Food Adult 3 kg 3-pack,SSS-001851,,other,bundle,,38,9,3,1860.00
Sari-Sari Store,Me-O Cat Food Salmon 85 g,SSS-001852,,other,pouch,,39,9,3,23.04
Sari-Sari Store,Kit Cat Cat Food Adult 1 kg 3-pack,SSS-001853,,other,bundle,,22,15,5,697.68
Sari-Sari Store,Best Buy Notebook Composition 200 leaves,SSS-001854,,other,piece,,58,17,5,85.00
Sari-Sari Store,Matador Notebook Composition 40 leaves,SSS-001855,,other,piece,,49,15,5,18.36
Sari-Sari Store,Aozi Dog Food Small Breed 85 g,SSS-001856,,other,pouch,,49,17,5,22.00
Sari-Sari Store,Local Brand Candle Emergency 6 pc 2-pack,SSS-001857,,other,bundle,,44,16,5,75.20
Sari-Sari Store,Vitality Dog Food Adult 1 kg,SSS-001858,,other,bag,,60,18,6,186.20
Sari-Sari Store,Dong-A Ballpoint Pen Red Ink 10 pc 2-pack,SSS-001859,,other,bundle,,28,12,4,163.20
Sari-Sari Store,Powercat Cat Food Seafood 400 g 3-pack,SSS-001860,,other,bundle,,25,6,2,294.00
Sari-Sari Store,Pedigree Dog Food Lamb 85 g,SSS-001861,,other,pouch,,47,16,5,20.68
Sari-Sari Store,Mongol Notebook Grid 100 leaves 3-pack,SSS-001862,,other,bundle,,28,10,3,126.90
Sari-Sari Store,Advance Notebook Composition 40 leaves 3-pack,SSS-001863,,other,bundle,,59,9,3,51.84
Sari-Sari Store,Goodest Dog Food Puppy 400 g 3-pack,SSS-001864,,other,bundle,,52,18,6,274.56
Sari-Sari Store,Pioneer Matches Wooden 1 box,SSS-001865,,other,box,,2,17,5,4.70
Sari-Sari Store,Aozi Dog Food Beef 3 kg,SSS-001866,,other,bag,,41,15,5,520.00
Sari-Sari Store,PaperOne Notebook Composition 100 leaves,SSS-001867,,other,piece,,19,13,4,44.10
Sari-Sari Store,Bright Star Candle Long Burning 1 pc 2-pack,SSS-001868,,other,bundle,,27,7,2,15.68
Sari-Sari Store,Advance Notebook Ruled 80 leaves,SSS-001869,,other,piece,,57,14,4,30.72
Sari-Sari Store,Kit Cat Cat Food Tuna 400 g 3-pack,SSS-001870,,other,bundle,,56,17,5,299.88
Sari-Sari Store,Bow Wow Dog Food Adult 1 kg,SSS-001871,,other,bag,,4,7,2,193.80
Sari-Sari Store,Pedigree Dog Food Small Breed 3 kg,SSS-001872,,other,bag,,27,6,2,488.80
Sari-Sari Store,Faber-Castell Ballpoint Pen Red Ink 1 pc 2-pack,SSS-001873,,other,bundle,,59,10,3,20.40
Sari-Sari Store,Top Breed Dog Food Puppy 1 kg 3-pack,SSS-001874,,other,bundle,,39,12,4,547.20
Sari-Sari Store,Dong-A Ballpoint Pen Black Ink 1 pc,SSS-001875,,other,piece,,38,6,2,9.60
Sari-Sari Store,Mongol Ballpoint Pen Fine Point 5 pc 2-pack,SSS-001876,,other,bundle,,19,16,5,90.00
Sari-Sari Store,Special Cat Cat Food Seafood 400 g 3-pack,SSS-001877,,other,bundle,,39,7,2,288.12
Sari-Sari Store,Goodest Cat Food Adult 85 g,SSS-001878,,other,pouch,,18,10,3,24.96
Sari-Sari Store,PaperOne Notebook Grid 80 leaves 3-pack,SSS-001879,,other,bundle,,55,15,5,94.08
Sari-Sari Store,Me-O Cat Food Tuna 85 g,SSS-001880,,other,pouch,,38,8,2,23.04
Sari-Sari Store,Dizon Candle Emergency 1 pc 2-pack,SSS-001881,,other,bundle,,7,18,6,16.00
Sari-Sari Store,Mongol Ballpoint Pen Red Ink 5 pc 2-pack,SSS-001882,,other,bundle,,29,18,6,90.00
Sari-Sari Store,HBW Ballpoint Pen Retractable 5 pc 2-pack,SSS-001883,,other,bundle,,16,15,5,88.20
Sari-Sari Store,Top Breed Dog Food Beef 3 kg 3-pack,SSS-001884,,other,bundle,,11,15,5,1497.60
Sari-Sari Store,Pilot Ballpoint Pen Red Ink 5 pc 2-pack,SSS-001885,,other,bundle,,15,13,4,84.60
Sari-Sari Store,Best Buy Notebook Composition 100 leaves,SSS-001886,,other,piece,,5,10,3,45.00
Sari-Sari Store,Top Breed Dog Food Beef 85 g,SSS-001887,,other,pouch,,37,13,4,21.12
Sari-Sari Store,Powercat Cat Food Tuna 85 g 3-pack,SSS-001888,,other,bundle,,2,12,4,72.00
Sari-Sari Store,Faber-Castell Ballpoint Pen Red Ink 5 pc,SSS-001889,,other,pack,,32,13,4,45.90
Sari-Sari Store,Faber-Castell Ballpoint Pen Retractable 3 pc 2-pack,SSS-001890,,other,bundle,,58,15,5,57.12
Sari-Sari Store,Mongol Ballpoint Pen Blue Ink 3 pc 2-pack,SSS-001891,,other,bundle,,40,14,4,56.00
Sari-Sari Store,Dizon Candle Emergency 1 pc,SSS-001892,,other,piece,,26,10,3,8.00
Sari-Sari Store,Me-O Cat Food Kitten 3 kg,SSS-001893,,other,bag,,0,11,3,595.20
